id,ime,cena,1.registracija,Prevoženih,Gorivo,Menjalnik,Motor,Baterija,Starost
22788645,Audi A6 Avant 40 TDI Sport S tronic 3x S-Line ,24990.0,2019,162500 km,diesel motor,avtomatski menjalnik,"1968 ccm, 150 kW / 204 KM",,
22788618,Audi A7 3.0 TDI||Q||BI|TURBO||LUFT||MATRIX||HEAD||UP||20C,23950.0,2015,226214 km,diesel motor,avtomatski menjalnik,"2967 ccm, 235 kW / 320 KM",,
22706867,Audi A4 Avant 2.0 TDI ,10999.0,2016,209836 km,diesel motor,ročni menjalnik,"1968 ccm, 110 kW / 150 KM",,
22788576,Audi Q7 quattro 3.0 TDI S Line°7 SEDEŽ°KAMERA°LED°PANORAMA,14990.0,2012,316430 km,diesel motor,avtomatski menjalnik,"2967 ccm, 180 kW / 245 KM",,
22788555,Audi A3 1.6 TDI S Line LED-NAVIGACIJA-18 COL-PDC-LEASING,9999.0,2016,245640 km,diesel motor,ročni menjalnik,"1598 ccm, 81 kW / 110 KM",,
22788521,Audi A3 Limuzina 2.0TDI Advanced S tronic+MATRIX+LANE+NAVI,21970.0,2024,124277 km,diesel motor,avtomatski menjalnik,"1968 ccm, 85 kW / 116 KM",,
22788506,Audi A6 2.7  TDI EURO 5,3999.0,2008,350000 km,diesel motor,avtomatski menjalnik,"2698 ccm, 140 kW / 190 KM",,
22788502,Audi A3 2.0TDI-Sport-Acc-Led-D select-Key Go-M kot-Navi,13950.0,2017,199800 km,diesel motor,avtomatski menjalnik,"1968 ccm, 110 kW / 150 KM",,
22788497,Audi A6 3.0 TDI LIMUZINA S-LINE XENON-GRETJE SEDEŽEV-NAVI,8850.0,2013,295797 km,diesel motor,ročni menjalnik,"2967 ccm, 150 kW / 204 KM",,
22788469,Audi RS Q3 Sportback RSQ3-SPORTBACK-1.LAST-VIRTUAL-MATRIX-NAVI-GRETJE,59990.0,2023,49900 km,bencinski motor,avtomatski menjalnik,"2480 ccm, 294 kW / 400 KM",,
22788448,Audi TT COUPE 2.0 TDI ultra+VIRTUAL+NAVI+XENON,17250.0,2016,199800 km,diesel motor,ročni menjalnik,"1968 ccm, 135 kW / 184 KM",,
22760950,Audi S7 Sportback TDI 4X4 |VIRTUAL|PANO|3D-KAM|HL-SED|MAX|,49990.0,2019,142127 km,diesel motor,avtomatski menjalnik,"2967 ccm, 257 kW / 349 KM",,
22780684,Audi RS3 Sportback quattro TFSI |VIRTUAL|BANG|RADAR|KAMERA|,42990.0,2022,131805 km,bencinski motor,avtomatski menjalnik,"2480 ccm, 294 kW / 400 KM",,
22724413,Audi RS Q8 quattro Tiptronic |PANO|RADAR|AERO|ALU23|ZRAK|TOP|,79990.0,2020,149321 km,bencinski motor,avtomatski menjalnik,"3996 ccm, 441 kW / 600 KM",,
22304534,Audi Q8 55 TFSI S-LINE |MATRIX|3D-KAM|KLJUKA|AIR-MATIC|A20,40990.0,2021,170411 km,bencinski motor,avtomatski menjalnik,"2990 ccm, 250 kW / 340 KM",,
22221466,Audi Q7 55 TFSI e S-LINE |VIRTUAL|RADAR|500HP|KAMERA|ZRAK|,42990.0,2020,120031 km,hibridni pogon,avtomatski menjalnik,"2995 ccm, 290 kW / 394 KM",,
22723078,Audi A6 50e TFSI 4X4 |VIRTUAL|MATRIX|RADAR|HL-SED|3D-KAM|.,33990.0,2021,155621 km,hibridni pogon,avtomatski menjalnik,"1984 ccm, 220 kW / 299 KM",,
22780652,Audi A4 TFSI S-LINE |NARDO|KAMERA|NAVI|PANO|ALU18|TOP|,23990.0,2023,140400 km,bencinski motor,avtomatski menjalnik,"1984 ccm, 110 kW / 150 KM",,
22544873,Audi A3 Limuzina quattro 2.0 TDI S tronic |S-LINE|MATRIX|,18990.0,2018,183551 km,diesel motor,avtomatski menjalnik,"1968 ccm, 135 kW / 184 KM",,
22788429,Audi Q3 quattro 2.0 TDI,12800.0,2013,201231 km,diesel motor,avtomatski menjalnik,"1968 ccm, 130 kW / 177 KM",,
22788428,Audi A4 Avant 2.0 TDI,1350.0,2005,299890 km,diesel motor,ročni menjalnik,"1968 ccm, 103 kW / 140 KM",,
22788352,Audi Q7 50 TDI QUATTRO-PANO-MATRIX-BANG-HLAJ+MASAŽA-COMP+,64990.0,2023,72100 km,diesel motor,avtomatski menjalnik,"2967 ccm, 210 kW / 286 KM",,
22788329,Audi A5 Sportback quattro 2.0 TDI Sport S tronic,19990.0,2018,249000 km,diesel motor,avtomatski menjalnik,"1968 ccm, 140 kW / 190 KM",,
22788322,Audi A6 Avant 40 TDI S tronic sp4rt 150kW webasto + priklop,21590.0,2018,102504 km,diesel motor,avtomatski menjalnik,"1968 ccm, 150 kW / 204 KM",,
22788320,Audi Q7 Q|50 TDI S-LINE|LED|NAVI|360KAM|ZRACNO|PRIKLOP,39990.0,2022,186748 km,diesel motor,avtomatski menjalnik,"2967 ccm, 210 kW / 286 KM",,
22788306,Audi Q5 quattro 2.0 TDI Business Plus- SAMO 175 TKM,13990.0,2014,175525 km,diesel motor,avtomatski menjalnik,"1968 ccm, 130 kW / 177 KM",,
22788249,Audi Q5 quattro 2.0 TDI,13000.0,2013,189000 km,diesel motor,ročni menjalnik,"1968 ccm, 110 kW / 150 KM",,
22788245,Audi A4 Avant 2.0 TDI,6990.0,2013,251184 km,diesel motor,avtomatski menjalnik,"1968 ccm, 110 kW / 150 KM",,
22788198,Audi A6 Avant 3.0TDI-S Line-S tronic-Matrix-Acc-Kamera-Navi,12950.0,2015,315200 km,diesel motor,avtomatski menjalnik,"2967 ccm, 160 kW / 218 KM",,
22788194,Audi A3 2.0 TDI ,2323.0,2006,408408 km,diesel motor,ročni menjalnik,"1968 ccm, 103 kW / 140 KM",,
22788180,Audi Q5 Sportback 35 TDI S line S tronic.NEMŠKI+4ALU.USNJE.LED.NAVI,32999.0,2022,102000 km,diesel motor,avtomatski menjalnik,"1968 ccm, 120 kW / 163 KM",,
22788145,Audi A6 Avant 40 TDI quattro Sport S tronic,20900.0,2019,185000 km,diesel motor,avtomatski menjalnik,"1968 ccm, 150 kW / 204 KM",,
22788144,Audi Q8 55 TFSI S-Line Matrix|BangOlufs|Kljuka|Pano|Kam360,59990.0,2023,73500 km,bencinski motor,avtomatski menjalnik,"2995 ccm, 250 kW / 340 KM",,
22692867,Audi A6 40 TDI quattro S-Line Sport S tronic,24990.0,2019,328471 km,diesel motor,avtomatski menjalnik,"1968 ccm, 150 kW / 204 KM",,
22788121,Audi A6 Avant 40 TDI quattro S tronic S line ,27990.0,2019,149800 km,diesel motor,avtomatski menjalnik,"1968 ccm, 150 kW / 204 KM",,
22788112,Audi A3 Limuzina 1.6 TDI clean diesel Ambiente,10690.0,2015,15300 km,diesel motor,ročni menjalnik,"1598 ccm, 81 kW / 110 KM",,
22523276,Audi A5 Q 3.0TFSI 400HP SUPERCHARGED|VELIK SERVIS|CAR PLAY,15700.0,2015,221500 km,bencinski motor,avtomatski menjalnik,"2995 ccm, 295 kW / 401 KM",,
22788045,Audi A4 2.0 TDI DPF,6500.0,2012,258200 km,diesel motor,ročni menjalnik,"1968 ccm, 105 kW / 143 KM",,
22026948,Audi S8 4.0 TFSI QUATRO S LINE MATRIX 360 ZRACNO VZM,52990.0,2021,171000 km,bencinski motor,avtomatski menjalnik,"3990 ccm, 420 kW / 571 KM",,
21777504,Audi S6 3.0 V6 TDI-Q-S LINE-MATRIX-360-BANG O-AMBIENT,53990.0,2024,18000 km,diesel motor,avtomatski menjalnik,"2967 ccm, 253 kW / 344 KM",,
22728778,Audi A7 50 TDI-Q-S7 LOOK-LUFT-NIGHT V-SOFT-PANO-B O-360KAM,31990.0,2018,213000 km,diesel motor,avtomatski menjalnik,"2967 ccm, 210 kW / 286 KM",,
22788008,Audi A4 1.9 TDI SLO POREKLO NA OBROKE ,4500.0,2005,285000 km,diesel motor,ročni menjalnik,"1896 ccm, 85 kW / 116 KM",,
22787999,Audi S7 Sportback quattro 4.0 TFSI S-tronic NA OBROKE,25900.0,2013,275000 km,bencinski motor,avtomatski menjalnik,"3993 ccm, 309 kW / 420 KM",,
22787993,Audi Q8 50TDI|Quattro|S-Line|Matrix|Pano|Zračno|ACC|22Col.,56990.0,2021,131000 km,diesel motor,avtomatski menjalnik,"2967 ccm, 210 kW / 286 KM",,
22787991,Audi A3 1.8 TFSI TEMPOMAT AVT. KLIMA GRETJE SEDEŽEV ALU 17,5490.0,2010,211000 km,bencinski motor,ročni menjalnik,"1798 ccm, 118 kW / 160 KM",,
22767948,Audi A6 Avant 40 TDI qu S tronic S-LINE|MATRIX|ACC|HUD|KAM|WEBAS,33990.0,2022,111000 km,diesel motor,avtomatski menjalnik,"1968 ccm, 150 kW / 204 KM",,
21448521,Audi Q5 40 TDI qu S tronic S-LINE|MATRIX|KAM|KEYLES|ALU|F1,,2022,108000 km,diesel motor,avtomatski menjalnik,"1968 ccm, 150 kW / 204 KM",,
22787969,Audi Q5 40 TD qu S tronic S-LINE|MATRIX|ACC|KAM|PRIKLOP|F1,40990.0,2023,69000 km,diesel motor,avtomatski menjalnik,"1968 ccm, 150 kW / 204 KM",,
22768225,Audi RS Q8 4.0 TFSI,205481.0,2024,45000 km,bencinski motor,avtomatski menjalnik,"3996 ccm, 441 kW / 600 KM",,
21961729,Audi RS Q8 4.0 TFSI qu|MATRIX|ACC|HUD|360°|KERAMIKA|DYNAMIK-P,114990.0,2024,34000 km,bencinski motor,avtomatski menjalnik,"3996 ccm, 441 kW / 600 KM",,
22575175,Audi RS Q8 4.0+TFSI+Q+600+KM+SOFT+23C+PANO+KAM+ACC+HUD+MATRIX,124900.0,2024,18200 km,bencinski motor,avtomatski menjalnik,"3996 ccm, 441 kW / 600 KM",,
22779358,Audi RS Q8 exclusive-kupljen v SLO-PPF-Akrapovič-305 km h,105000.0,2021,45000 km,bencinski motor,avtomatski menjalnik,"4000 ccm, 441 kW / 600 KM",,
22467287,Audi RS Q8 Matrix LED zračn.vzmet. Headup keram.zavore kljuka,94900.0,2023,76698 km,bencinski motor,avtomatski menjalnik,"3996 ccm, 441 kW / 600 KM",,
22761424,Audi RS Q8 quattro Tiptronic|Matrix|Acc|Hud|PanoHlajenje|B O,82990.0,2021,138500 km,bencinski motor,avtomatski menjalnik,"3996 ccm, 441 kW / 600 KM",,
22228187,Audi RS Q8 RSQ8 TFSI quattro tiptronic 441kW,104990.0,2022,60000 km,bencinski motor,avtomatski menjalnik,"3996 ccm, 441 kW / 600 KM",,
20243801,Audi RS Q8 RSQ8 TFSI quattro tiptronic 441kW,124900.0,2021,93000 km,bencinski motor,avtomatski menjalnik,"3996 ccm, 441 kW / 600 KM",,
20960928,Audi RS Q8 RSQ8 TFSI quattro tiptronic 441kW,88000.0,2020,138000 km,bencinski motor,avtomatski menjalnik,"3996 ccm, 441 kW / 600 KM",,
20274827,Audi RS Q8 TFSI quattro-ACC-SOFT-BANGOLUFSEN-PANORAMA-ALU23,109900.0,2023,72400 km,bencinski motor,avtomatski menjalnik,"3996 ccm, 441 kW / 600 KM",,
22501266,Audi RS6 Avant TFSI Tiptronic,77000.0,2020,,bencinski motor,avtomatski menjalnik,"3996 ccm, 441 kW / 600 KM",,
22435698,Audi RS6 Avant TFSI Tiptronic ALU 22 soft-Close,88990.0,2021,149800 km,bencinski motor,avtomatski menjalnik,"3996 ccm, 441 kW / 600 KM",,
22338726,Audi RS6 Avant ,105000.0,2022,48000 km,bencinski motor,avtomatski menjalnik,"3999 ccm, 441 kW / 600 KM",,
22634632,Audi RS6 Avant ,115000.0,2021,49000 km,bencinski motor,avtomatski menjalnik,"3900 ccm, 441 kW / 600 KM",,
22441485,Audi RS6 Avant ,74900.0,2020,118277 km,bencinski motor,avtomatski menjalnik,"3996 ccm, 441 kW / 600 KM",,
22548213,Audi RS6 Avant ,79500.0,2019,89923 km,bencinski motor,avtomatski menjalnik,"3996 ccm, 441 kW / 600 KM",,
22690980,Audi RS6 Avant 4.0TFSI-Q-ACC-PANOR-LASER-ZRAČNO-360KAM-BANG-22C-,89950.0,2022,89000 km,bencinski motor,avtomatski menjalnik,"3996 ccm, 441 kW / 600 KM",,
20945419,Audi RS6 Avant DRC.Pano.B O.360-kam.LED.Keramika.Soft C.AKRAPOVIČ,94990.0,2021,97900 km,bencinski motor,avtomatski menjalnik,"3996 ccm, 441 kW / 600 KM",,
21846455,Audi RS6 Avant RS6 TFSI Quattro Tiptronic ,89800.0,2020,154026 km,bencinski motor,avtomatski menjalnik,"3996 ccm, 441 kW / 600 KM",,
20683628,Audi RS6 Avant RS6 TFSI quattro tiptronic 441kW,89500.0,2021,48000 km,bencinski motor,avtomatski menjalnik,"3996 ccm, 441 kW / 600 KM",,
22787625,Audi RS6 Avant RS6-TFSI-QUATRRO-ACC-KAM-360-4x-GRETJE-SED-AMBIENT,69950.0,2020,145000 km,bencinski motor,avtomatski menjalnik,"3996 ccm, 441 kW / 600 KM",,
22633829,Audi RS6 Avant TFSI Quattro,98000.0,2023,105000 km,bencinski motor,avtomatski menjalnik,"3996 ccm, 441 kW / 600 KM",,
22598519,Audi RS6 Avant TFSI quattro ,86800.0,2022,96980 km,bencinski motor,avtomatski menjalnik,"3996 ccm, 441 kW / 600 KM",,
20815061,Audi RS6 Avant TFSI quattro tiptronic 441kW,117000.0,2021,80000 km,bencinski motor,avtomatski menjalnik,"3996 ccm, 441 kW / 600 KM",,
22699181,Audi RS6 Avant TFSI Tiptronic,89980.0,2021,66000 km,bencinski motor,avtomatski menjalnik,"3996 ccm, 441 kW / 600 KM",,
22631210,Audi RS6 Avant TFSI Tiptronic ALU 22 soft-Close,88990.0,2021,149800 km,bencinski motor,avtomatski menjalnik,"3996 ccm, 441 kW / 600 KM",,
22723693,Audi RS6 Avant TFSI Tiptronic HD Matrix 360 kamera ambient. osvet,84990.0,2020,118091 km,bencinski motor,avtomatski menjalnik,"3996 ccm, 441 kW / 600 KM",,
22779168,Audi RS6 Avant TFSI Tiptronic Quattro,89800.0,2020,154026 km,bencinski motor,avtomatski menjalnik,"3996 ccm, 441 kW / 600 KM",,
22782827,Audi RS6 Avant TFSI Tiptronic+Night Vis.+HUD+Laser+Pano+Zrač.+Web,89890.0,2022,76104 km,bencinski motor,avtomatski menjalnik,"3996 ccm, 441 kW / 600 KM",,
22790506,Audi RS7 4.0 TFSI |SoftC|NightV|HUD|Masaža|Hlajenje|ACC|,79990.0,2021,98000 km,bencinski motor,avtomatski menjalnik,"3996 ccm, 441 kW / 600 KM",,
22742492,Audi RS7 KERAMIKA - KARBON - PANO - NIGHT VISION - KAMERA..,99880.0,2020,45000 km,bencinski motor,avtomatski menjalnik,"3996 ccm, 441 kW / 600 KM",,
22605410,Audi RS7 PLUS QUATTRO MATRIX CERAMIC PANO BANG 360 DRC,87990.0,2022,94000 km,bencinski motor,avtomatski menjalnik,"3996 ccm, 441 kW / 600 KM",,
22679998,Audi e-tron GT qu RS|LASER|ACC|HUD|PANO|B-O|KAM360°|KEY|ZRAČNO|F1,81990.0,2023,31000 km,elektro pogon,,440 kW,"93,4 kWh",
22525910,Audi e-tron GT RS quattro 440kW  Masaža. B O. Matrix,,2021,57000 km,elektro pogon,,440 kW,"93,4 kWh",
22752133,Audi e-tron GT RS. quattro. laser. panorama. masaža. nov 181.000€,89840.0,2023,23040 km,elektro pogon,,440 kW,"93,4 kWh",
22348909,Audi RS6 Avant 5.0 V10 FSI AUT. Quattro Xenon Navi Bose,36900.0,2008,194286 km,bencinski motor,avtomatski menjalnik,"4991 ccm, 426 kW / 579 KM",,
22790654,Audi R8 5.2 V10 |FACELIFT|KAMERA|PDC|NAVI|LASER|1.LASTNIK,129990.0,2022,37900 km,bencinski motor,avtomatski menjalnik,"5204 ccm, 419 kW / 570 KM",,
22729497,Audi RS6 Avant 4.0 TFSI CoD quattro Tiptronic,44995.0,2015,140000 km,bencinski motor,avtomatski menjalnik,"3993 ccm, 412 kW / 560 KM",,
22104474,Audi RS6 Avant 4.0 TFSI quattro tiptronic 412  560  650KM ,,2015,151094 km,bencinski motor,avtomatski menjalnik,"3993 ccm, 412 kW / 560 KM",,
21784632,Audi RS6 Avant 4.0 TFSI V8 Q tiptr. Full option.AKRAPOVIČ. ST.2,53000.0,2015,157000 km,bencinski motor,avtomatski menjalnik,"3993 ccm, 412 kW / 560 KM",,
22327920,Audi RS6 Avant 4.0 TFSI• Q• V8• NARDO• 21. COL• 360• PANO• F1,55000.0,2015,179000 km,bencinski motor,avtomatski menjalnik,"3993 ccm, 412 kW / 560 KM",,
22593867,Audi RS6 Avant AKRAPOVIČ-ACC-PANO-KARBON-MATRIX-KERAMIKA,39990.0,2014,157000 km,bencinski motor,avtomatski menjalnik,"3993 ccm, 412 kW / 560 KM",,
22726983,Audi RS6 Avant V8 BiTurbo|ACC|Pano|Keramika|Keyless|Soft|360|21c,45000.0,2015,168000 km,bencinski motor,avtomatski menjalnik,"3993 ccm, 412 kW / 560 KM",,
18962543,Audi RS7 4.0 TFSI QUATTRO 8-st. tiptronic 560KM SLO KARBONS,44990.0,2015,135555 km,bencinski motor,avtomatski menjalnik,"3993 ccm, 412 kW / 560 KM",,
22761025,Audi RS7 Sportback 4.0 TFSI quattro Tiptronic,42900.0,2016,166000 km,bencinski motor,avtomatski menjalnik,"3993 ccm, 412 kW / 560 KM",,
21471968,Audi e-tron GT quattro,145220.0,2024,8000 km,elektro pogon,,390 kW,"93,4 kWh",
22784983,Audi A3 Sportback quattro 2.0 TDI clean diesel Attraction S-tronic,10800.0,2013,312000 km,diesel motor,avtomatski menjalnik,"1968 ccm, 135 kW / 184 KM",,
22668705,Audi RS5 SPORTBACK 2.9 TFSI-450 KS-QUATTRO-TIPTRONIC-LASER,59800.0,2022,101500 km,bencinski motor,avtomatski menjalnik,"2894 ccm, 331 kW / 450 KM",,
22784976,Audi A5 3.2 V6 TIPTRONIC F1 PRESTAVE + 20 COL.ITD.. ,12300.0,2008,228000 km,bencinski motor,avtomatski menjalnik,"3200 ccm, 220 kW / 299 KM",,
22784953,Audi A4 Avant quattro 2.0 TDI DPF,2600.0,2008,314000 km,diesel motor,ročni menjalnik,"1968 ccm, 125 kW / 170 KM",,
22784914,Audi S3 quattro 2.0 TFSI,10500.0,2009,310000 km,bencinski motor,ročni menjalnik,"1984 ccm, 257 kW / 349 KM",,
22606452,Audi A7 Sportback 3.0 TDI-QUATTRO-MATRIX-HEAD UP-SOFT CLOS,29900.0,2016,143150 km,diesel motor,avtomatski menjalnik,"2967 ccm, 240 kW / 326 KM",,
22784896,Audi A4 Avant 2.0 TDI-Virtual-Gr. sedežev-Tempomat-Velika navi ,11990.0,2017,224000 km,diesel motor,avtomatski menjalnik,"1968 ccm, 110 kW / 150 KM",,
22655194,Audi Q7 quattro 3.0 TDI e-tron  PANORAMA-BLAZINE,24900.0,2017,256800 km,hibridni pogon,avtomatski menjalnik,"2967 ccm, 275 kW / 374 KM",,
22655062,Audi Q5 Sportback quattro 40 TDI S line USNJE KAMERA PANORAMA,38500.0,2023,111150 km,diesel motor,avtomatski menjalnik,"1968 ccm, 150 kW / 204 KM",,
22549318,Audi A3 Sportback  MATRIX-RADAR-F1-150 KM NA ELEKTRIKO,31300.0,2025,19500 km,hibridni pogon,avtomatski menjalnik,"1395 ccm, 110 kW / 150 KM",,
22784862,Audi A4 Avant quattro 40 TDI Advanced S tronic SPORT|org.vlečna|,19880.0,2022,178980 km,diesel motor,avtomatski menjalnik,"1968 ccm, 150 kW / 204 KM",,
22695522,Audi Q3 40 TDI qu S tronic S-LINE|MATRIX|ACC|KAM|SONOS|KEY,34990.0,2023,107000 km,diesel motor,avtomatski menjalnik,"1968 ccm, 147 kW / 200 KM",,
22209727,Audi A5 Sportback 40 TDI qu S tronic S-LINE|MATRIX|ACC|KAM|B-O|KEY,37990.0,2023,112000 km,diesel motor,avtomatski menjalnik,"1968 ccm, 150 kW / 204 KM",,
22784848,Audi A4 Avant 2.0 TDI DPF,3900.0,2009,440000 km,diesel motor,ročni menjalnik,"1968 ccm, 125 kW / 170 KM",,
22738296,Audi A3 Sportback 1.8 TFSI 3x S-Line,14500.0,2016,198000 km,bencinski motor,avtomatski menjalnik,"1798 ccm, 132 kW / 179 KM",,
22784721,Audi Q7 3.0TDI MATRIX-ACC-360-NIGHT-PANO-GRE-HLA-HUD-MASAŽ,35990.0,2017,193000 km,diesel motor,avtomatski menjalnik,"2967 ccm, 200 kW / 272 KM",,
22784718,Audi Q7 quattro 50 TDI S-line Black|ACC|Kljuka|Kamera360,44990.0,2019,85000 km,diesel motor,avtomatski menjalnik,"2967 ccm, 210 kW / 286 KM",,
22784714,Audi Q5 2.0 TDI quattro Sport 140kW,25990.0,2018,149898 km,diesel motor,avtomatski menjalnik,"1968 ccm, 140 kW / 190 KM",,
22784689,Audi Q7 quattro 50 TDI S line Tiptronic ZRAČNO B O KOT N..,64990.0,2024,54000 km,diesel motor,avtomatski menjalnik,"2967 ccm, 210 kW / 286 KM",,
22784686,Audi Q3 quattro 2.0 TDI Sport S tronic,15200.0,2016,174000 km,diesel motor,avtomatski menjalnik,"1968 ccm, 110 kW / 150 KM",,
22784674,Audi A4 Avant quattro 45 TFSI S line S tronic|Matrix|Virtual|ACC,39990.0,2023,69000 km,bencinski motor,avtomatski menjalnik,"1984 ccm, 195 kW / 265 KM",,
22784644,Audi A4 1.8 T,2400.0,2001,303000 km,bencinski motor,ročni menjalnik,"1781 ccm, 110 kW / 150 KM",,
22784622,Audi A3 2.0 TDI 150HP 2XPDC. XENON. NAVIGACIJA OHRANJEN,12790.0,2017,190400 km,diesel motor,avtomatski menjalnik,"1968 ccm, 110 kW / 150 KM",,
22784602,Audi Q5 quattro 2.0 TDI,17000.0,2016,185000 km,diesel motor,avtomatski menjalnik,"1968 ccm, 140 kW / 190 KM",,
22784593,Audi A4 Avant 2.0 TDI AVTOMATIK 245.000 KM MULTITRONIC,5000.0,2013,245970 km,diesel motor,avtomatski menjalnik,"1968 ccm, 110 kW / 150 KM",,
22784543,Audi A6 Avant 3.0 TDI  QUATTRO-235KW-BI-TURBO-MATRIX-NAVI-S LI..,18295.0,2015,258630 km,diesel motor,avtomatski menjalnik,"2967 ccm, 235 kW / 320 KM",,
22784530,Audi A5 Sportback quattro 45 TFSI S line S tronic LASER+PANO+ACC,29990.0,2023,144022 km,bencinski motor,avtomatski menjalnik,"1984 ccm, 195 kW / 265 KM",,
22784509,Audi A6 Avant 40 TDI S tronic S LINE+NEMSKI+ACC+67200km+1LASTNIK,28990.0,2020,67214 km,diesel motor,avtomatski menjalnik,"1968 ccm, 150 kW / 204 KM",,
22784479,Audi A4 2.0 TDI 150KS.S-LINE.SLOVENSKI.145.000KM.KOT NOV..,16990.0,2019,145000 km,diesel motor,ročni menjalnik,"1968 ccm, 110 kW / 150 KM",,
22784462,Audi A6 40 TDI Sport S tronic MATRIX VIRTUAL KAMERA...,25990.0,2021,124000 km,diesel motor,avtomatski menjalnik,"1968 ccm, 150 kW / 204 KM",,
22088102,Audi A4 Avant 35 TDI S tronic S line+FULL LED+ACC+KLJUKA+KAMERA,19990.0,2020,148000 km,diesel motor,avtomatski menjalnik,"1968 ccm, 120 kW / 163 KM",,
22784430,Audi A4 Avant quattro 40 TDI•S-LINE•MATRIX•ACC•MASAŽA•LIZING,18950.0,2020,169000 km,diesel motor,avtomatski menjalnik,"1968 ccm, 140 kW / 190 KM",,
22784429,Audi A4 Avant quattro 40 TDI S line S tronic PANO+LED+KAMERA,19990.0,2020,174013 km,diesel motor,avtomatski menjalnik,"1968 ccm, 140 kW / 190 KM",,
22143711,Audi A5 Sportback 2.0 TFSI S TRONIC G-TRON-FUL LED-USNJE-VELIKA NAVI,,2018,155000 km,bencinski motor,avtomatski menjalnik,"1984 ccm, 125 kW / 170 KM",,
22784426,Audi Q5 quattro 2.0 TDI clean diesel 3xSLine Plus S-tron..,14990.0,2015,267000 km,diesel motor,avtomatski menjalnik,"1968 ccm, 140 kW / 190 KM",,
22784393,Audi A6 2.5 V6 TDI Tiptronic QUATTRO 4x4 ,390.0,2000,320000 km,diesel motor,avtomatski menjalnik,"2496 ccm, 110 kW / 150 KM",,
22784368,Audi A4 Avant quattro 40 TDI Advanced S tronic MATRIX+BANG+ACC,19990.0,2023,170009 km,diesel motor,avtomatski menjalnik,"1968 ccm, 150 kW / 204 KM",,
22784367,Audi Q8 Q 50 TDI 3xSLINE MATRIX ACC 360 SOFT CLOSE 23COL,,2024,65300 km,diesel motor,avtomatski menjalnik,"2967 ccm, 210 kW / 286 KM",,
22784365,Audi A6 2.4 V6,880.0,2005,318000 km,bencinski motor,ročni menjalnik,"2393 ccm, 130 kW / 177 KM",,
22774600,Audi A6 Avant 50 TDI QUATTRO MATRIX-PANO-ACC-KAM-HUD-KLJUKA-B O,35900.0,2020,149500 km,diesel motor,avtomatski menjalnik,"2967 ccm, 210 kW / 286 KM",,
22784358,Audi A6 Avant 40 TDI S tronic S LINE ACC+KAMERA+KLJUKA+GARANCIJA,19980.0,2022,209006 km,diesel motor,avtomatski menjalnik,"1968 ccm, 150 kW / 204 KM",,
22784349,Audi A6 Avant 40 TDI 150KW S TRONIC QUATTRO  - FULL LED -,27990.0,2020,155214 km,diesel motor,avtomatski menjalnik,"1968 ccm, 150 kW / 204 KM",,
22784334,Audi A4 Avant 2.0 TDI VELIKI SERVIS+BIXENON+ŠPORTNI SEDEŽI,6990.0,2014,275109 km,diesel motor,ročni menjalnik,"1968 ccm, 88 kW / 120 KM",,
22784329,Audi A5 Sportback quattro 2.0 TDI clean diesel Business Sport,11990.0,2014,246647 km,diesel motor,avtomatski menjalnik,"1968 ccm, 130 kW / 177 KM",,
22784291,Audi A1 2.0 TDI Ambition,7490.0,2012,223000 km,diesel motor,ročni menjalnik,"1968 ccm, 105 kW / 143 KM",,
22553065,Audi Q3 35 TDI S tronic -SLO-MATRIX-1.LAST-MRTVI KOT-DAB-,,2021,145000 km,diesel motor,avtomatski menjalnik,"1968 ccm, 110 kW / 150 KM",,
22655808,Audi A4 Avant 40 TDI S-LINE - S TRONIC-VIRTUAL-ACC-MATRIX-LANE,19999.0,2020,204490 km,diesel motor,avtomatski menjalnik,"1968 ccm, 150 kW / 204 KM",,
22784208,Audi A4 Avant 30 TDI S line S tronic + JAMSTVO 12 MESECEV,21490.0,2024,168500 km,diesel motor,avtomatski menjalnik,"1968 ccm, 100 kW / 136 KM",,
22731969,Audi A3 40 TFSI e Business Stronic 150kW.KAMERA.LED.BENCIN,19999.0,2021,114526 km,hibridni pogon,avtomatski menjalnik,"1395 ccm, 150 kW / 204 KM",,
22781232,Audi A3 2.0 TDI-VIRTUAL-XENON+LED-LIZING ZA TUJCE-,12950.0,2017,223000 km,diesel motor,ročni menjalnik,"1968 ccm, 110 kW / 150 KM",,
22781222,Audi e-tron Sportback 55 quattro S line.NEMŠKI+4ALU.KAMERA.USNJE.KLJUKA,39999.0,2022,49000 km,elektro pogon,,300 kW,95 kWh,
22781135,Audi Q5 3.0 TDI quattro S tronic FINANCIRANJE BREZ POLOGA,9980.0,2009,250576 km,diesel motor,avtomatski menjalnik,"2967 ccm, 176 kW / 239 KM",,
22781098,Audi A4 Avant 35 TDI AVT|MATRIX|ACC|PANORAMA|LED|VLEČNA KLJUKA,22950.0,2022,72000 km,diesel motor,avtomatski menjalnik,"1968 ccm, 120 kW / 163 KM",,
22781025,Audi A6 Avant 40 TDI quattro Design S tronic,28400.0,2021,136000 km,diesel motor,avtomatski menjalnik,"1968 ccm, 150 kW / 204 KM",,
22780984,Audi A4 Avant 35 TDI S-Line Stronic LED-Virtual-Kamera-18Alu,20990.0,2021,147460 km,diesel motor,avtomatski menjalnik,"1968 ccm, 120 kW / 163 KM",,
22780913,Audi A8 50 TDI Quattro S-Line Zrak-Matrix-Usnje-Memory-4WS,54880.0,2023,35247 km,diesel motor,avtomatski menjalnik,"2967 ccm, 210 kW / 286 KM",,
22780875,Audi Q3 ,20500.0,2019,197000 km,diesel motor,avtomatski menjalnik,"1968 ccm, 110 kW / 150 KM",,
22780836,Audi 80 1.6,1000.0,1987,250000 km,bencinski motor,ročni menjalnik,"1595 ccm, 55 kW / 75 KM",,
22780818,Audi A5 Sportback 35 TDI S line S tronic MATRIX,28990.0,2020,92000 km,diesel motor,avtomatski menjalnik,"1968 ccm, 120 kW / 163 KM",,
22780800,Audi Q5 Sportback S LINE   LEASING ZA TUJ  LED   PDC   VL.SER  4X4..,16590.0,2016,234836 km,diesel motor,avtomatski menjalnik,"1968 ccm, 140 kW / 190 KM",,
22780798,Audi A4 Avant quattro 2.0 TDI S-tronic,6400.0,2014,298132 km,diesel motor,avtomatski menjalnik,"1968 ccm, 130 kW / 177 KM",,
22780796,Audi A3 VELIK SERVIS-SERVISNA-LED-LED LUCI-PANORAMA-S LI,12990.0,2017,226421 km,diesel motor,ročni menjalnik,"1968 ccm, 110 kW / 150 KM",,
22780795,Audi A4 LEASING ZA TUJCE   LIMUZINA  LED   PDC   AVT ...,14590.0,2017,199940 km,diesel motor,avtomatski menjalnik,"1968 ccm, 110 kW / 150 KM",,
22780788,Audi A5 Coupe  quattro S line FINANCIRANJE-NA OBROKE,16990.0,2018,260000 km,diesel motor,avtomatski menjalnik,"1968 ccm, 140 kW / 190 KM",,
22780776,Audi A7 Competition - Black Edition,26105.0,2016,215000 km,diesel motor,avtomatski menjalnik,"2967 ccm, 240 kW / 326 KM",,
22780718,Audi A6 Avant 2.0 TDI Sport Line,11300.0,2014,238000 km,diesel motor,avtomatski menjalnik,"1968 ccm, 130 kW / 177 KM",,
22780717,Audi A5 Avant 2.0 TDI Quattro S-Line-Edition ONE-Tech Pro...,,2024,8412 km,diesel motor,avtomatski menjalnik,"1986 ccm, 150 kW / 204 KM",,
22780674,Audi A6 Avant 3.0 TDI quattro Competition Tiptronic,27500.0,2018,120300 km,diesel motor,avtomatski menjalnik,"2967 ccm, 240 kW / 326 KM",,
22780658,Audi TT 2.0 TFSI Coupe|Quattro|Led|PDC|Virtual|Navi|Gret..,29990.0,2017,89000 km,bencinski motor,avtomatski menjalnik,"1984 ccm, 169 kW / 230 KM",,
22780648,Audi A4 Avant 2.0 TDI Business,,2014,241500 km,diesel motor,avtomatski menjalnik,"1968 ccm, 130 kW / 177 KM",,
22780645,Audi A4 Avant 35 TFSI |S-Line|Matrix|Kamera|ACC|Gretje|Virtual|.,26990.0,2020,74000 km,bencinski motor,avtomatski menjalnik,"1984 ccm, 110 kW / 150 KM",,
22780637,Audi Q2 1.6 TDI S-Line  SLO - 1.Lastnik,,2018,73122 km,diesel motor,ročni menjalnik,"1598 ccm, 85 kW / 116 KM",,
22780626,Audi Q2 30 TFSI Advanced,19990.0,2023,63000 km,bencinski motor,ročni menjalnik,"999 ccm, 81 kW / 110 KM",,
22780618,Audi A7 Sportback 55 TFSI Q|3X SLINE|SOFTCLOSE|PANO|LASER|,41750.0,2019,160000 km,bencinski motor,avtomatski menjalnik,"2995 ccm, 250 kW / 340 KM",,
22780615,Audi Q3 quattro 40 TFSI S line S tronic - SLOVENSKO VOZILO,,2022,40780 km,bencinski motor,avtomatski menjalnik,"1984 ccm, 140 kW / 190 KM",,
22780598,Audi A6 50 TDI quattro Tiptronic. 21 col. 19 col. ODLIČEN,25900.0,2019,180000 km,diesel motor,avtomatski menjalnik,"2967 ccm, 210 kW / 286 KM",,
22744093,Audi A4 Avant 2.0 TDI-LED-XENON-TEMPOMAT-GR.SEDEŽEV-PDC-ALU,7990.0,2012,256512 km,diesel motor,ročni menjalnik,"1968 ccm, 105 kW / 143 KM",,
22260624,Audi A3 2.0 TDI-SPORT-NAVI-LED-TEMPOMAT-2 CON-PDC-ALU,10990.0,2016,277912 km,diesel motor,ročni menjalnik,"1968 ccm, 110 kW / 150 KM",,
22403625,Audi A4 2.0 TDI-quattro-S LINE-VIRTUAL-NAVI-TEMPOMAT-LED,16990.0,2016,249548 km,diesel motor,avtomatski menjalnik,"1968 ccm, 140 kW / 190 KM",,
22665197,Audi Q3 35 TDI QUATTRO-S.TRONIC-VIRTUAL-KAMERA...,29490.0,2021,65000 km,diesel motor,avtomatski menjalnik,"1968 ccm, 110 kW / 150 KM",,
22706041,Audi A6 Avant 40 TDI quattro Sport -ACC-NAVI-VIRTUAL-PDC- -11-..,28690.0,2022,136000 km,diesel motor,avtomatski menjalnik,"1968 ccm, 150 kW / 204 KM",,
22554675,Audi A4 Avant 40TDI quattro-MATRIX-ACC-VIRTUAL-KAMERA-,21890.0,2022,152400 km,diesel motor,avtomatski menjalnik,"1968 ccm, 150 kW / 204 KM",,
22780569,Audi A4 Avant 2.0 TDI Sport,11500.0,2016,280000 km,diesel motor,ročni menjalnik,"1968 ccm, 110 kW / 150 KM",,
22780538,Audi A4 Avant 2.0 TDI  Basis  S tronic,15600.0,2017,153000 km,diesel motor,avtomatski menjalnik,"1968 ccm, 110 kW / 150 KM",,
22780523,Audi Q5 quattro 40 TDI S tronic-S LINE-VIRTUAL-NAVI-MATRIX,24990.0,2020,200000 km,diesel motor,avtomatski menjalnik,"1968 ccm, 140 kW / 190 KM",,
22780509,Audi A6 Avant 40 TDI Sport S tronic-KAM 360-ACC,22990.0,2019,174000 km,diesel motor,avtomatski menjalnik,"1968 ccm, 150 kW / 204 KM",,
22780504,Audi A6 Avant 40 TDI S tronic. S Line,22990.0,2019,190000 km,diesel motor,avtomatski menjalnik,"1968 ccm, 150 kW / 204 KM",,
22380942,Audi A4 35TDI-S-LINE-MATRIX-VIRTUAL-PANORAMA-BLACK PAKET,22485.0,2020,171876 km,diesel motor,avtomatski menjalnik,"1968 ccm, 120 kW / 163 KM",,
22780477,Audi Q5 2.0 TDI quattro-S LINE-RADAR-MRTVI KOT-KAM-PDC-LED,17490.0,2016,182300 km,diesel motor,avtomatski menjalnik,"1968 ccm, 140 kW / 190 KM",,
22593137,Audi A8 4.2 TDI-385 KS-QUATTRO-VSA OPREMA-OPOMBE,12999.0,2015,293371 km,diesel motor,avtomatski menjalnik,"4134 ccm, 283 kW / 385 KM",,
22780394,Audi Q8 quattro 50 TDI Tiptronic- Matrix- Usnje- Kamera,54888.0,2023,47280 km,diesel motor,avtomatski menjalnik,"2967 ccm, 210 kW / 286 KM",,
22780386,Audi A6 Avant 40 TDI S-line S tronic+F1+ACC+LED+KAMERA+MEMORY,30970.0,2022,131565 km,diesel motor,avtomatski menjalnik,"1968 ccm, 150 kW / 204 KM",,
22780360,Audi A4 Avant 35 TDI S line S tronic+KAMERA+MATRIX+BANG OLUFSEN,29970.0,2023,118039 km,diesel motor,avtomatski menjalnik,"1968 ccm, 120 kW / 163 KM",,
22780358,Audi A6 Avant 45 TDI quattro Sport Tiptronic,31950.0,2020,171000 km,diesel motor,avtomatski menjalnik,"2967 ccm, 170 kW / 231 KM",,
22780357,Audi A4 Avant quattro 45 TDI S line Tiptronic,24000.0,2020,212000 km,diesel motor,avtomatski menjalnik,"2967 ccm, 170 kW / 231 KM",,
22780312,Audi A4 Avant 40 TDI Advanced S tronic. MATRIX.KAMERA.HUD...,21690.0,2023,153000 km,diesel motor,avtomatski menjalnik,"1968 ccm, 150 kW / 204 KM",,
22776351,Audi Q3 Sportback 35 TDI S line S tronic.Matrix.Kamera.Navi.El.prt.v,28550.0,2023,145100 km,diesel motor,avtomatski menjalnik,"1968 ccm, 110 kW / 150 KM",,
22776346,Audi A4 Avant 2.0 TDI Sport S tronic,14500.0,2018,194500 km,diesel motor,avtomatski menjalnik,"1968 ccm, 140 kW / 190 KM",,
22776332,Audi A4 Avant 40 TDI S line S tronic+LED+VIRTUAL+OGR.SEDEŽI,25970.0,2021,136398 km,diesel motor,avtomatski menjalnik,"1968 ccm, 150 kW / 204 KM",,
22776161,Audi A3 Sportback 2.0TDI S tronic HI-FI,13900.0,2020,191500 km,diesel motor,avtomatski menjalnik,"1968 ccm, 110 kW / 150 KM",,
22776118,Audi S6 AVANT 3.0 TDI Q AVT-LED-NAVI-VIRT-ASIST-HEAD UP-K.,49990.0,2023,146700 km,diesel motor,avtomatski menjalnik,"2967 ccm, 253 kW / 344 KM",,
22776101,Audi A3 SB•30 TFSI•AUT•LED•KAMERA•RADAR•KEYLESS•17COL•,16499.0,2021,138800 km,bencinski motor,avtomatski menjalnik,"999 ccm, 81 kW / 110 KM",,
22776099,Audi A4 Avant 40 TFSI S line S tronic+LED+VIRTUAL+KLJUKA+ACC ,27970.0,2023,119491 km,bencinski motor,avtomatski menjalnik,"1984 ccm, 150 kW / 204 KM",,
22776076,Audi A4 Avant 40 TFSI quattro S tronic+ADVANCED+LED+KEYLESS+PANO,27970.0,2023,115086 km,bencinski motor,avtomatski menjalnik,"1984 ccm, 150 kW / 204 KM",,
22776059,Audi A6 Avant e-hybrid quattro S tronic 220 kW,69500.0,2025,36900 km,hibridni pogon,avtomatski menjalnik,"1984 ccm, 220 kW / 299 KM",,
22776024,Audi A5 Sportback 35 TDI  POLOG 2500,24999.0,2019,219200 km,diesel motor,avtomatski menjalnik,"1968 ccm, 110 kW / 150 KM",,
22776022,Audi A1 1.6 TDI NAVIG. NA KREDIT BREZ POLOGA...,5399.0,2011,215000 km,diesel motor,ročni menjalnik,"1598 ccm, 77 kW / 105 KM",,
22776004,Audi A6 Avant 3.0 TDI clean diesel quattro S tronic,13990.0,2015,238000 km,diesel motor,avtomatski menjalnik,"2967 ccm, 200 kW / 272 KM",,
22775967,Audi A6 Avant 3.0 TDI-Q-4X4-1 LASTNICA-SLO VOZILO-S LINE-,12850.0,2014,185000 km,diesel motor,avtomatski menjalnik,"2967 ccm, 150 kW / 204 KM",,
22775895,Audi A5 Sportback 1.8 TFSI Multitronic,5800.0,2010,182000 km,bencinski motor,avtomatski menjalnik,"1798 ccm, 118 kW / 160 KM",,
22775864,Audi Q5 quattro 40 TDI Advanced S tronic+MATRIX+ACC+KAMERA,31970.0,2022,84806 km,diesel motor,avtomatski menjalnik,"1968 ccm, 150 kW / 204 KM",,
22775793,Audi A4 Avant 2.0 TDI DPF,5500.0,2011,329000 km,diesel motor,ročni menjalnik,"1968 ccm, 100 kW / 136 KM",,
22770700,Audi e-tron Audi e-tron S line quattro 55.NEMŠKI+4ALU.KAMERA.K,35999.0,2023,96312 km,elektro pogon,,300 kW,95 kWh,
22775738,Audi A6 Avant 2.0 TDI Business,7000.0,2012,340000 km,diesel motor,ročni menjalnik,"1968 ccm, 130 kW / 177 KM",,
22775736,Audi A3 2.0 TDI DPF Ambiente,5500.0,2010,172000 km,diesel motor,ročni menjalnik,"1968 ccm, 125 kW / 170 KM",,
22092433,Audi Q5 40 TDI quattro S tronic Sport 140kW,28500.0,2019,138000 km,diesel motor,avtomatski menjalnik,"1968 ccm, 140 kW / 190 KM",,
22534327,Audi A4 Avant 40 TDI Advanced.Matrix.Kamera.Acc.Navi.Kljuka,24900.0,2023,149987 km,diesel motor,avtomatski menjalnik,"1968 ccm, 150 kW / 204 KM",,
22775647,Audi Q5 quattro 40 TDI S-tronic | 360 | HEAD-UP | B-O,32900.0,2023,109425 km,diesel motor,avtomatski menjalnik,"1968 ccm, 150 kW / 204 KM",,
22775644,Audi A6 Allroad Allroad quattro 3.0 V6 TDI,3800.0,2006,362741 km,diesel motor,avtomatski menjalnik,"2967 ccm, 171 kW / 232 KM",,
22775639,Audi S4 Avant TDI Quattro,41990.0,2021,107928 km,diesel motor,avtomatski menjalnik,"2967 ccm, 251 kW / 341 KM",,
22775622,Audi Q3 Sportback 35 TFSI,26890.0,2022,64562 km,bencinski motor,ročni menjalnik,"1498 ccm, 110 kW / 150 KM",,
22775604,Audi A6 Avant 40 TDI S line S tronic-Panorama-Vl.kljuka-Matrix..,39950.0,2024,45299 km,diesel motor,avtomatski menjalnik,"1968 ccm, 150 kW / 204 KM",,
22775597,Audi A4 Avant 35 TFSI S tronic-VIRTUAL-MATRIX-LEDER-KAMERA-...,18999.0,2022,180000 km,bencinski motor,avtomatski menjalnik,"1984 ccm, 110 kW / 150 KM",,
22775582,Audi Q7 quattro 50 TDI S line Tiptronic,42900.0,2019,89600 km,diesel motor,avtomatski menjalnik,"2967 ccm, 210 kW / 286 KM",,
22775498,Audi A3 1.5  35 TFSI Advanced,,2023,14571 km,bencinski motor,ročni menjalnik,"1498 ccm, 110 kW / 150 KM",,
22775481,Audi A6 Avant 50 TDI quattro S-Line Tiptronic-20 COL-Keyless-ACC,29990.0,2022,151668 km,diesel motor,avtomatski menjalnik,"2967 ccm, 210 kW / 286 KM",,
22528956,Audi Q7 50TDI-QUATTRO-S LINE-PANO-MATRIX-KAMERA-ACC-SOFT,46950.0,2022,135000 km,diesel motor,avtomatski menjalnik,"2967 ccm, 210 kW / 286 KM",,
22669557,Audi A4 45 2.0 TFSI Sport S line QUATTRO 252 PS,21000.0,2019,91195 km,bencinski motor,avtomatski menjalnik,"1984 ccm, 185 kW / 252 KM",,
22775406,Audi Q7 50TDI|Quattro|S-Line|Matrix|ACC|Pano|360K|Zračno|.,42990.0,2020,142000 km,diesel motor,avtomatski menjalnik,"2967 ccm, 210 kW / 286 KM",,
22775404,Audi A3 2.0 TFSI-QUATTRO-36.000KM-S TRONIC-NAVI-TEMPOMAT,,2017,36000 km,bencinski motor,avtomatski menjalnik,"1984 ccm, 140 kW / 190 KM",,
22708347,Audi A1 Sportback 1.2 TFSI Attraction-SPORT-BREZ  POLOGA,7990.0,2012,149990 km,bencinski motor,ročni menjalnik,"1197 ccm, 63 kW / 86 KM",,
22775383,Audi Q7 quattro 4.2 TDI Sport Tiptronic-LEANPAY-ODLIČEN-,10990.0,2009,323000 km,diesel motor,avtomatski menjalnik,"4134 ccm, 250 kW / 340 KM",,
22775357,Audi A3 Limuzina 1.6 TDI Attraction,9700.0,2014,179000 km,diesel motor,ročni menjalnik,"1598 ccm, 77 kW / 105 KM",,
22775262,Audi A4 2.0 TDI DPF,4990.0,2007,253500 km,diesel motor,ročni menjalnik,"1968 ccm, 103 kW / 140 KM",,
22775243,Audi A3 Limuzina 1.6 TDI clean diesel Attraction,11990.0,2014,98900 km,diesel motor,ročni menjalnik,"1598 ccm, 81 kW / 110 KM",,
22775240,Audi A8 50TDI - ZRAK - BANG - SOFT - KAM360 - ACC - KEYL,39990.0,2020,136000 km,diesel motor,avtomatski menjalnik,"2967 ccm, 210 kW / 286 KM",,
22775221,Audi A3 Sportback 30 TDI | LED | DAB | NAVI | NEMŠKI,14490.0,2019,72327 km,diesel motor,ročni menjalnik,"1598 ccm, 85 kW / 116 KM",,
22775199,Audi A4 Avant quattro 2.0 TDI,5550.0,2012,277000 km,diesel motor,ročni menjalnik,"1968 ccm, 105 kW / 143 KM",,
22775166,Audi A3 Sportback 30 TFSI - TAKOJ NA VOLJO,,,,bencinski motor,ročni menjalnik,"1498 ccm, 85 kW / 116 KM",,NOVO
22775163,Audi A4 quattro 1.9 TDI,1250.0,2004,370000 km,diesel motor,ročni menjalnik,"1896 ccm, 96 kW / 131 KM",,
22775124,Audi A4 Avant 40TDI-AKT.TEMPOMAT-VL.KLJUKA-PDC-GR.SEDE-XENON,19990.0,2020,132000 km,diesel motor,avtomatski menjalnik,"1968 ccm, 140 kW / 190 KM",,
22775005,Audi Q7 quattro 55 TFSI e Tiptronic-LED-PDC-NAVI-BANG O.,35900.0,2021,105500 km,hibridni pogon,avtomatski menjalnik,"2995 ccm, 280 kW / 381 KM",,
22775001,Audi Q5 Quattro 40 TDI S-Line S tronic-LED-PDC-Kamera-Na..,28990.0,2019,109989 km,diesel motor,avtomatski menjalnik,"1968 ccm, 140 kW / 190 KM",,
22774992,Audi A6 Avant 2.0 TDI DPF Business,6500.0,2010,351500 km,diesel motor,ročni menjalnik,"1968 ccm, 125 kW / 170 KM",,
22603001,Audi Q7 quattro 50 TDI Tiptronic - DOBAVA OKTOBER,,,,diesel motor,avtomatski menjalnik,"2967 ccm, 220 kW / 299 KM",,NOVO
22622700,Audi Q7 quattro 220 kW  - NOVI MODEL -V PRIHODU- NOVEMBER,,,,diesel motor,avtomatski menjalnik,"2967 ccm, 220 kW / 299 KM",,NOVO
22622849,Audi Q7 quattro 220 kW - NOVI MODEL - V PRIHODU - OKTOBER,,,,diesel motor,avtomatski menjalnik,"2967 ccm, 220 kW / 299 KM",,NOVO
22623224,Audi Q7 quattro 220 kW - NOVI MODEL - V PRIHODU - OKTOBER,,,,diesel motor,avtomatski menjalnik,"2967 ccm, 220 kW / 299 KM",,NOVO
22736127,Audi Q7 TDI quattro 220 kW - Dobava januar 2027,126192.0,,,diesel motor,avtomatski menjalnik,"2967 ccm, 220 kW / 299 KM",,NOVO
22740689,Audi Q7 TDI quattro 220 kW - Dobava DECEMBER 2026,125546.0,,,diesel motor,avtomatski menjalnik,"2967 ccm, 220 kW / 299 KM",,NOVO
22744807,Audi Q7 QuattroTDI - DOBAVA OKTOBER,,,,diesel motor,avtomatski menjalnik,"2967 ccm, 220 kW / 299 KM",,NOVO
22756741,Audi Q7 quattro  TDI ,,,,diesel motor,avtomatski menjalnik,"2967 ccm, 220 kW / 299 KM",,NOVO
22565018,Audi RS6 Avant RS6 Perform.TFSI quattro tiptronic 463kW...,114988.0,2024,87800 km,bencinski motor,avtomatski menjalnik,"3996 ccm, 463 kW / 630 KM",,
22448417,Audi RS3 Sportback quattro TFSI S tronic LIMITED ED.,114683.0,,,bencinski motor,avtomatski menjalnik,"2480 ccm, 294 kW / 400 KM",,NOVO
22655347,Audi RS3 Limuzina q. TFSI S tr. - COMPET. LIMITED št. 283,114215.0,,,bencinski motor,avtomatski menjalnik,"2480 ccm, 294 kW / 400 KM",,NOVO
22740554,Audi Q8 quattro 50 TDI Tiptronic,124653.0,,,diesel motor,avtomatski menjalnik,"2967 ccm, 210 kW / 286 KM",,NOVO
22622990,Audi Q7 quattro 220 kW - NOVI MODEL -V PRIHODU-NOVEMBER,,,,diesel motor,polavtomatski menjalnik,"2967 ccm, 220 kW / 299 KM",,NOVO
22297998,Audi RS3 SB COMPET. LIM. št. 281 - V PRIHODU - SEPTEMBER,109003.0,,,bencinski motor,avtomatski menjalnik,"2480 ccm, 294 kW / 400 KM",,NOVO
22715670,Audi - Q9 TDI quattro 180kW - NAROČIMO ZA VAS,,,,diesel motor,avtomatski menjalnik,"2967 ccm, 180 kW / 245 KM",,NOVO
21768436,Audi A8 50 TDI quattro L,170249.0,2024,61364 km,diesel motor,avtomatski menjalnik,"2967 ccm, 210 kW / 286 KM",,
21569158,Audi RS6 Avant RS6 Perform.TFSI quattro tiptronic 463kW,103700.0,2024,88000 km,bencinski motor,avtomatski menjalnik,"3996 ccm, 463 kW / 630 KM",,
22691967,Audi Q7 quattro 50 TDI S line Tiptronic,117784.0,2026,7434 km,diesel motor,avtomatski menjalnik,"2967 ccm, 210 kW / 286 KM",,
22717955,Audi RS6 Avant RS6 Perform.TFSI quattro tiptronic 463kW ...,99999.0,2023,73000 km,bencinski motor,avtomatski menjalnik,"3996 ccm, 463 kW / 630 KM",,
19687815,Audi RS7 TFSI-Q | LASER | HUD | ACC | PANO | 22 | KERAMIC,99990.0,2020,79000 km,bencinski motor,avtomatski menjalnik,"3996 ccm, 442 kW / 601 KM",,
22762949,Audi Q8 quattro 50 TDI Tiptronic-VSA OPREMA. MATT FOLIJA,98990.0,2025,16666 km,diesel motor,avtomatski menjalnik,"2967 ccm, 210 kW / 286 KM",,
22394599,Audi Q8 55 TFSI quattro,98950.0,2025,15850 km,bencinski motor,avtomatski menjalnik,"2995 ccm, 250 kW / 340 KM",,
20812950,Audi Q8 50 TDI quattro tiptronic 210kW,129470.0,2025,40000 km,diesel motor,avtomatski menjalnik,"2967 ccm, 210 kW / 286 KM",,
22653982,Audi Q7 quattro 220 kW  - NOVI MODEL - NAROČIMO ZA VAS,,,,diesel motor,avtomatski menjalnik,"2968 ccm, 220 kW / 299 KM",,NOVO
22460608,Audi Q7 quattro 50 TDI S line Tiptronic,95974.0,,,diesel motor,avtomatski menjalnik,"2967 ccm, 210 kW / 286 KM",,NOVO
22459770,Audi Q7 quattro 50 TDI S line Tiptronic,95973.0,,,diesel motor,avtomatski menjalnik,"2967 ccm, 210 kW / 286 KM",,NOVO
22485452,Audi Q8 quattro 55 TFSI e Business Tiptronic,95900.0,,,hibridni pogon,avtomatski menjalnik,"2995 ccm, 250 kW / 340 KM",,NOVO
22778181,Audi Q8 quattro 50 TDI Tiptronic,95000.0,2025,32000 km,diesel motor,avtomatski menjalnik,"2967 ccm, 210 kW / 286 KM",,
22534357,Audi SQ8 TFSI quattro Tiptronic vsa možna oprema,94900.0,2024,34455 km,bencinski motor,avtomatski menjalnik,"3996 ccm, 373 kW / 507 KM",,
22252185,Audi Q7 55 TFSI e quattro S line Business,94150.0,2026,6000 km,hibridni pogon,avtomatski menjalnik,"2995 ccm, 290 kW / 394 KM",,
21655260,Audi Q8 50 TDI quattro  - TAKOJ NA VOLJO,,,,diesel motor,avtomatski menjalnik,"2967 ccm, 210 kW / 286 KM",,NOVO
21414526,Audi RS3 Sportback Quattro,93250.0,2023,3100 km,bencinski motor,avtomatski menjalnik,"2480 ccm, 294 kW / 400 KM",,
22122930,Audi SQ5 Sportback TFSI quattro,,,,bencinski motor,avtomatski menjalnik,"2995 ccm, 270 kW / 367 KM",,NOVO
22768931,Audi Q8 quattro 50 TDI Tiptronic,125367.0,2024,23826 km,diesel motor,avtomatski menjalnik,"2967 ccm, 210 kW / 286 KM",,
22608447,Audi Q8 quattro 50 TDI Tiptronic,125467.0,2024,68542 km,diesel motor,avtomatski menjalnik,"2967 ccm, 210 kW / 286 KM",,
22734979,Audi R8 Spyder quattro 4.2 FSI R tronic,71999.0,2012,73500 km,bencinski motor,avtomatski menjalnik,"4163 ccm, 316 kW / 430 KM",,
22715235,Audi Q5 Sportback e-hybrid quattro S-tronic - NA VOLJO NOVEMBER 2026,,2026,3000 km,hibridni pogon,avtomatski menjalnik,"1984 ccm, 220 kW / 299 KM",,
22732881,Audi Q5 Sportback quattro TDI S tronic,71990.0,2025,34062 km,diesel motor,avtomatski menjalnik,"1968 ccm, 150 kW / 204 KM",,
22453083,Audi Q7 50 TDI qu S-LINE|LASER|ACC|PANO|KAM360°|HUD|KEY|F1,71990.0,2024,85000 km,diesel motor,avtomatski menjalnik,"2967 ccm, 210 kW / 286 KM",,
21675150,Audi Q8 55 TFSI e quattro tiptr. 290kW Business,71990.0,,,hibridni pogon,avtomatski menjalnik,"2995 ccm, 290 kW / 394 KM",,NOVO
21621073,Audi Q5 Sportback TDI quattro,,,,diesel motor,avtomatski menjalnik,"1968 ccm, 150 kW / 204 KM",,NOVO
22742202,Audi Q5 Sportback quattro TFSI - DOBAVA NOVEMBER,,,,bencinski motor,avtomatski menjalnik,"1984 ccm, 150 kW / 204 KM",,NOVO
21622414,Audi Q5 Sportback TFSI quattro,,,,bencinski motor,avtomatski menjalnik,"1984 ccm, 150 kW / 204 KM",,NOVO
22628132,Audi Q6 e-tron quattro Business - DOBAVA OKTOBER 2026,71100.0,2026,3000 km,elektro pogon,,285 kW,"94,9 kWh",
22763054,Audi Q5 quattro TDI S tronic,71055.0,,,diesel motor,avtomatski menjalnik,"1968 ccm, 150 kW / 204 KM",,NOVO
22495378,Audi Q5 e-hybrid quattro Business -V PRIHODU- JANUAR 2027,,,,hibridni pogon,avtomatski menjalnik,"1984 ccm, 185 kW / 252 KM",,NOVO
22494503,Audi Q5 Sportback e-hybrid quattro  - V PRIHODU - NOVEMBER,,,,hibridni pogon,avtomatski menjalnik,"1984 ccm, 185 kW / 252 KM",,NOVO
22276972,Audi Q5 Sportback e-hybrid quattro Business 220kW-V PRIHODU-OKTOBER,,,,hibridni pogon,avtomatski menjalnik,"1984 ccm, 185 kW / 252 KM",,NOVO
21937747,Audi Q5 Sportback TDI quattro 150kW - TAKOJ NA VOLJO,,,,diesel motor,avtomatski menjalnik,"1968 ccm, 150 kW / 204 KM",,NOVO
22344265,Audi Q5 Sportback quattro TDI S tronic - TAKOJ NA VOLJO,70700.0,2026,3000 km,diesel motor,avtomatski menjalnik,"1968 ccm, 150 kW / 204 KM",,
22395942,Audi Q8 quattro 45 TDI Tiptronic blagi hibrid,,,,diesel motor,avtomatski menjalnik,"2967 ccm, 170 kW / 231 KM",,NOVO
22740872,Audi Q5 Sportback quattro TDI ,,,,diesel motor,avtomatski menjalnik,"1968 ccm, 150 kW / 204 KM",,NOVO
21811576,Audi A6 Sportback e-tron quattro Business - TAKOJ NA VOLJO,69990.0,2025,3000 km,elektro pogon,,340 kW,100 kWh,
22729018,Audi A8 50 TDI quattroLong-MATRIX-HEAD-NAVI-TV-ACC-VIRTUAL,69990.0,2025,84364 km,diesel motor,avtomatski menjalnik,"2967 ccm, 210 kW / 286 KM",,
21311517,Audi e-tron GT quattro MATRIX MASAŽA IONIZACIJA HUD ACC,69990.0,2021,55789 km,elektro pogon,,390 kW,"93,4 kWh",
22530117,Audi Q7 TDI|quattro|Sline|PANORAMA|KAM 360|HEAD UP|4xKLIMA,69990.0,2025,29240 km,diesel motor,avtomatski menjalnik,"2967 ccm, 170 kW / 231 KM",,
22611644,Audi RS5 SPORTBACK-Q-MATRIX-PANO-360KAM-MEMORY-BANG-ACC-20C,69950.0,2023,33500 km,bencinski motor,avtomatski menjalnik,"2894 ccm, 331 kW / 450 KM",,
20663611,Audi SQ8 TDI quattro PERLA BELA BARVA 23COL,69900.0,2020,207800 km,diesel motor,avtomatski menjalnik,"3956 ccm, 320 kW / 435 KM",,
22427427,Audi A6 Avant TDI S tronic,69890.0,2026,,diesel motor,avtomatski menjalnik,"1968 ccm, 150 kW / 204 KM",,
22780105,Audi Q5 Sportback quattro TDI S tronic,81259.0,,,diesel motor,avtomatski menjalnik,"1968 ccm, 150 kW / 204 KM",,NOVO
22475313,Audi Q5 Sportback TDI quattro 150 kW,80830.0,,,diesel motor,avtomatski menjalnik,"1968 ccm, 150 kW / 204 KM",,NOVO
21908875,Audi Q5 e-hybrid quattro S-tr. - V PRIHODU - DECEMBER,,,,hibridni pogon,avtomatski menjalnik,"1984 ccm, 220 kW / 299 KM",,NOVO
22181139,Audi Q5 e-hybrid quattro S tronic 220kW Business,,,,hibridni pogon,avtomatski menjalnik,"1984 ccm, 220 kW / 299 KM",,NOVO
22769617,Audi Q6 e-tron quattro Business,69228.0,,,elektro pogon,,120 kW,"94,9 kWh",NOVO
21971341,Audi Q5 TDI quattro 150kW,69066.0,,,diesel motor,avtomatski menjalnik,"1968 ccm, 150 kW / 204 KM",,NOVO
20243877,Audi RS3 Quattro TFSI,69000.0,2023,14000 km,bencinski motor,avtomatski menjalnik,"2480 ccm, 294 kW / 400 KM",,
20942571,Audi Q5 TDI quattro,,,,diesel motor,avtomatski menjalnik,"1968 ccm, 150 kW / 204 KM",,NOVO
22545633,Audi A6 Avant e-hybrid quattro Buss 220 kW - TAKOJ NA VOLJO,,,,hibridni pogon,avtomatski menjalnik,"1984 ccm, 185 kW / 252 KM",,NOVO
21962141,Audi Q5 Sportback e-hybrid quattro S tronic - TAKOJ NA VOLJO,68990.0,2026,3000 km,hibridni pogon,avtomatski menjalnik,"1984 ccm, 220 kW / 299 KM",,
21937579,Audi Q5 Sportback TDI quattro 150kW - TAKOJ NA VOLJO,,,,diesel motor,avtomatski menjalnik,"1968 ccm, 150 kW / 204 KM",,NOVO
21937189,Audi Q5 TDI quattro 150kW -  TAKOJ NA VOLJO,,,,diesel motor,avtomatski menjalnik,"1968 ccm, 150 kW / 204 KM",,NOVO
22700975,Audi S5 Avant TFSI•Q•MATRIX•OLED•PANO•KAM360°•B•O•ACC•HUD•20COL,68850.0,2025,21500 km,bencinski motor,avtomatski menjalnik,"2995 ccm, 270 kW / 367 KM",,
22574023,Audi Q6 e-tron quattro Business - DOBAVA OKTOBER 2026,68700.0,2026,3000 km,elektro pogon,,315 kW,"94,9 kWh",
22233773,Audi A6 Sportback e-tron quattro Business,71486.0,,,elektro pogon,,340 kW,100 kWh,NOVO
22732264,Audi SQ8 4.0 tfsi pano. zračno. HD matrix. 4-kolesno zav…,68000.0,2021,84830 km,bencinski motor,avtomatski menjalnik,"3996 ccm, 373 kW / 507 KM",,
22698364,Audi Q5 Sportback 40TDI-Q-2X-S-LINE-TECH-BANG-KAMERA-ACC-KEYLESS-20C,67995.0,,,diesel motor,avtomatski menjalnik,"1968 ccm, 150 kW / 204 KM",,NOVO
21937980,Audi SQ8 4.0TDI-V8-PANO-SOFT-MATRIX-HD-KAM360-BANG-ACC-22C,67995.0,2021,95789 km,diesel motor,avtomatski menjalnik,"3956 ccm, 320 kW / 435 KM",,
21058303,Audi A6 Avant TDI quattro S tronic S line - TAKOJ NA VOLJO,,2026,3000 km,diesel motor,avtomatski menjalnik,"1968 ccm, 150 kW / 204 KM",,
21256176,Audi A6 Avant TFSI 150 kW S tronic - MOŽNOST NAROČILA,,,,bencinski motor,avtomatski menjalnik,"1984 ccm, 150 kW / 204 KM",,NOVO
22744173,Audi A6 Avant e-hybrid quattro S tronic 220 kW...,83888.0,2026,3706 km,hibridni pogon,avtomatski menjalnik,"1984 ccm, 185 kW / 252 KM",,
22617636,Audi Q5 Sportback quattro TDI S tronic-S-LINE SLO 1.LASTNIK DODATNA ,67900.0,2025,13000 km,diesel motor,avtomatski menjalnik,"1968 ccm, 150 kW / 204 KM",,
22663608,Audi RS5 2.9 SPORTBACK |HUD|CARBON|LASER|ACC|STAGE 3|,63950.0,2021,87200 km,bencinski motor,avtomatski menjalnik,"2984 ccm, 465 kW / 632 KM",,
22700565,Audi Q8 quattro. S line. pano. RS seats. B.O.,63900.0,2023,112108 km,diesel motor,avtomatski menjalnik,"2967 ccm, 210 kW / 286 KM",,
22504082,Audi Q6 e-tron quattro Business,63700.0,2026,1000 km,elektro pogon,,315 kW,"94,9 kWh",
20790666,Audi A5 TFSI 150kW S tronic - MOŽNO NAROČILO,63506.0,,,bencinski motor,avtomatski menjalnik,"1984 ccm, 150 kW / 204 KM",,NOVO
22746813,Audi Q5 Sportback 40 TDi Quattro S-Line 150kW NA VOLJO TAKOJ,63390.0,,,diesel motor,avtomatski menjalnik,"1986 ccm, 150 kW / 204 KM",,NOVO
22740323,Audi Q5 e-hybrid quattro Business  220kW - DOBAVA NOVEMBER,,,,hibridni pogon,avtomatski menjalnik,"1984 ccm, 220 kW / 299 KM",,NOVO
22757178,Audi A6 Avant TDI quattro S tronic,63200.0,2025,40000 km,diesel motor,avtomatski menjalnik,"1968 ccm, 150 kW / 204 KM",,
22112364,Audi A6 A6 40TDI S tronic |S LINE|ACC|MATRIX|TECH PLUS|,63000.0,2025,20 km,diesel motor,avtomatski menjalnik,"1968 ccm, 150 kW / 204 KM",,
22115783,Audi Q5 TFSI quattro-PANORAMA-KLJUKA-ZRAČNO-SLOVENSKO,,2025,20000 km,bencinski motor,avtomatski menjalnik,"1984 ccm, 150 kW / 204 KM",,
21897813,Audi A6 Sportback e-tron Business - TAKOJ NA VOLJO,62990.0,,,elektro pogon,,240 kW,83 kWh,NOVO
22400852,Audi Q4 e-tron quattro Business - TAKOJ NA VOLJO,65172.0,,,elektro pogon,,210 kW,77 kWh,NOVO
22400982,Audi Q4 e-tron quattro Business - V PRIHODU DECEMBER 2026,65172.0,,,elektro pogon,,210 kW,77 kWh,NOVO
22415828,Audi Q6 e-tron quattro Business - NA VOLJO NOVEMBRA 2026,,2026,3000 km,elektro pogon,,285 kW,100 kWh,
22787192,Audi A6 TDI S tronic-S-LINE-LIMOUSINE-BLACK EDITION,62980.0,2025,11000 km,diesel motor,avtomatski menjalnik,"1968 ccm, 150 kW / 204 KM",,
22556717,Audi Q7 quattro 45 TDI Tiptronic - SLOVENSKO VOZILO,,2025,58176 km,diesel motor,avtomatski menjalnik,"2967 ccm, 170 kW / 231 KM",,
22605285,Audi A8 50 TDI quattro Tiptronic S line,62900.0,2022,68000 km,diesel motor,avtomatski menjalnik,"2967 ccm, 210 kW / 286 KM",,
22290869,Audi Q8 50TDI 1.Lastnik SLO-Masaža .softclose .hlajenje,62690.0,2023,116000 km,diesel motor,avtomatski menjalnik,"2967 ccm, 210 kW / 286 KM",,
18866670,Audi Q7 50 TDI quattro S line,62499.0,2020,94676 km,diesel motor,avtomatski menjalnik,"2967 ccm, 210 kW / 286 KM",,
22608436,Audi A5 Avant TDI quattro 150kW S tronic...,70810.0,,,diesel motor,avtomatski menjalnik,"1968 ccm, 150 kW / 204 KM",,NOVO
22144895,Audi Q5 TDI quattro - TAKOJ NA VOLJO,,,,diesel motor,avtomatski menjalnik,"1968 ccm, 150 kW / 204 KM",,NOVO
22263192,Audi e-tron S quattro,62000.0,2022,70000 km,elektro pogon,,320 kW,95 kWh,
22365742,Audi Q8 quattro 55 TFSI e Tiptronic  priključni hibrid ,62000.0,2022,70000 km,hibridni pogon,avtomatski menjalnik,"2995 ccm, 250 kW / 340 KM",,
22035728,Audi R8 4.2 quattro R tronic,62000.0,2011,96900 km,bencinski motor,avtomatski menjalnik,"4163 ccm, 316 kW / 430 KM",,
22291466,Audi A6 Avant TFSI S tronic,61999.0,,,bencinski motor,avtomatski menjalnik,"1984 ccm, 150 kW / 204 KM",,NOVO
22574757,Audi A6 Avant TDI quattro-S tronic-S LINE-MATRIX-360°-USNJE-SLO,,2025,14033 km,diesel motor,avtomatski menjalnik,"1968 ccm, 150 kW / 204 KM",,
22055038,Audi Q5 Sportback TDI quattro - NA VOLJO AVGUST 2026,,2026,3000 km,diesel motor,avtomatski menjalnik,"1968 ccm, 150 kW / 204 KM",,
22180295,Audi Q6 e-tron Business e-tron quattro - TAKOJ NA VOLJO,61990.0,2026,3000 km,elektro pogon,,315 kW,100 kWh,
22790404,Audi Q8 50TDI|Q|S-Line|Pano|SoftC|Zračno|ACC|Hlaj|360K|,63890.0,2021,72000 km,diesel motor,avtomatski menjalnik,"2967 ccm, 210 kW / 286 KM",,
22733540,Audi RS Q3 Sportback ,61990.0,2024,38000 km,bencinski motor,avtomatski menjalnik,"2480 ccm, 294 kW / 400 KM",,
22141072,Audi Q5 TDI quattro - TAKOJ NA VOLJO,,,,diesel motor,avtomatski menjalnik,"1968 ccm, 150 kW / 204 KM",,NOVO
22111799,Audi Q5 TDI quattro 150kW - TAKOJ NA VOLJO,,,,diesel motor,avtomatski menjalnik,"1968 ccm, 150 kW / 204 KM",,NOVO
22204045,Audi Q8 45 TDI S-Line Quattro,61450.0,2021,54116 km,diesel motor,avtomatski menjalnik,"2967 ccm, 170 kW / 231 KM",,
22733982,Audi Q4 e-tron performance Business,62021.0,,,elektro pogon,,89 kW,82 kWh,NOVO
22400575,Audi Q5 Q5 TDI quattro 150 kW,70579.0,,,diesel motor,avtomatski menjalnik,"1968 ccm, 150 kW / 204 KM",,NOVO
21949270,Audi Q5 TFSI-QUATTRO-S-LINE-VIRTUAL-FUL-LED-GRETJE,61390.0,2025,3034 km,bencinski motor,avtomatski menjalnik,"1984 ccm, 150 kW / 204 KM",,
22671768,Audi A5 e-hyb. quattro S tronic - V PRIHODU - OKTOBER,,,,hibridni pogon,avtomatski menjalnik,"1984 ccm, 220 kW / 299 KM",,NOVO
22692367,Audi Q5 quattro TDI S tronic S line - VL. NAPRAVA - SLO,,2025,11411 km,diesel motor,avtomatski menjalnik,"1968 ccm, 150 kW / 204 KM",,
22085127,Audi Q5 Sportback TDI quattro ,59999.0,,,diesel motor,avtomatski menjalnik,"1968 ccm, 150 kW / 204 KM",,NOVO
22729501,Audi Q7 quattro 50 TDI S line Matrix. Zračno vzmetenje...,59999.0,2023,41000 km,diesel motor,avtomatski menjalnik,"2967 ccm, 210 kW / 286 KM",,
22607034,Audi A6 Avant 2.0TFSI-3X-S-LINE-PANOR-MATRIX-ACC-KAMERA-MMI+-20C,59995.0,2025,24164 km,bencinski motor,avtomatski menjalnik,"1984 ccm, 150 kW / 204 KM",,
22227972,Audi A5 e-hybrid quattro Business - V PRIHODU  - AVGUST,,2026,,hibridni pogon,avtomatski menjalnik,"1984 ccm, 220 kW / 299 KM",,
22770727,Audi A6 Avant TDI|QUATTRO|S-LINE|LED|360KAM|3XZASLON|VSE ASISTEN,59990.0,2026,2871 km,diesel motor,avtomatski menjalnik,"1968 ccm, 150 kW / 204 KM",,
22276712,Audi A6 Sportback e-tron A6 e-tron Sportback Business - TAKOJ NA VOLJO,59990.0,,,elektro pogon,,210 kW,,NOVO
22154544,Audi Q5 TDI quattro S-Line,59990.0,2026,5000 km,diesel motor,avtomatski menjalnik,"1968 ccm, 150 kW / 204 KM",,
22232526,Audi Q6 e-tron Performance Business - SLUŽBENO VOZILO,,2026,,elektro pogon,,225 kW,100 kWh,
22783829,Audi Q8 50TDI|Quattro|S-Line|Matrix|Pano|Zračno|ACC|23Col.,59990.0,2022,63000 km,diesel motor,avtomatski menjalnik,"2967 ccm, 210 kW / 286 KM",,
22693175,Audi Q8 S LINE | ZRAČNO VZMETENJE | MATRIX LED | 360° KAME,59990.0,2021,114900 km,diesel motor,avtomatski menjalnik,"2967 ccm, 210 kW / 286 KM",,
22577675,Audi Q3 TDI S tronic - TAKOJ NA VOLJO,,,,diesel motor,avtomatski menjalnik,"1968 ccm, 110 kW / 150 KM",,NOVO
22513278,Audi Q3 Sportback TFSI quattro S tronic - V PRIHODU NOVEMBER,,,,bencinski motor,avtomatski menjalnik,"1984 ccm, 150 kW / 204 KM",,NOVO
22734539,Audi Q3 Sportback TFSI quattro S tronic 204KM ,52990.0,2026,9000 km,bencinski motor,avtomatski menjalnik,"1984 ccm, 150 kW / 204 KM",,
22441222,Audi Q4 e-tron Bussiness - NOVI MODEL - NA VOLJO NOVEMBRA 2026,,2026,3000 km,elektro pogon,,210 kW,79 kWh,
22401017,Audi Q4 e-tron Performance Buss.- NOVI MODEL - TAKOJ NA VOLJO,54342.0,,,elektro pogon,,210 kW,,NOVO
22546038,Audi Q7 50 TDI quattro 3XS line+F1+ALU22+MATRIX+ZRAK+7 SED,52990.0,2020,139077 km,diesel motor,avtomatski menjalnik,"2967 ccm, 210 kW / 286 KM",,
22120102,Audi Q7 50 TDI Quattro S-line,52990.0,2020,157932 km,diesel motor,avtomatski menjalnik,"2967 ccm, 210 kW / 286 KM",,
22703740,Audi Q8 50 TDI S LINE SPORT Q RADAR HD MATRIX KAMERA USNJE,52990.0,2022,96000 km,diesel motor,avtomatski menjalnik,"2967 ccm, 210 kW / 286 KM",,
22376385,Audi Q8 e-tron 55 quattro Advanced. S-line,52990.0,2023,49200 km,elektro pogon,,158 kW,,
22710747,Audi RS3 Limo 2.5 TFSI quattro S-tronic Matrix|ACC|Kamera,52990.0,2023,19224 km,bencinski motor,avtomatski menjalnik,"2480 ccm, 294 kW / 400 KM",,
21924652,Audi RS4 Avant TFSI quattro Aut - Masaža - ACC - HuD - 360 Kamere,52990.0,2020,100000 km,bencinski motor,avtomatski menjalnik,"2894 ccm, 331 kW / 450 KM",,
22483635,Audi RS5 Sportback 2.9 TFSI quattro-LASER-PANORAMA-ALU20,52990.0,2023,122800 km,bencinski motor,avtomatski menjalnik,"2984 ccm, 331 kW / 450 KM",,
20347686,Audi S7 ALU 21-HUD-NIGHT VISION-CERAMIC-ACC-360°-B O,52990.0,2019,145000 km,diesel motor,avtomatski menjalnik,"2967 ccm, 257 kW / 349 KM",,
22671652,Audi A5 Avant quattro TDI S tronic,52900.0,2026,12220 km,diesel motor,avtomatski menjalnik,"1968 ccm, 150 kW / 204 KM",,
22706692,Audi Q5 Sportback quattro TDI S tronic,52900.0,2025,22830 km,diesel motor,avtomatski menjalnik,"1968 ccm, 150 kW / 204 KM",,
21964882,Audi Q8 e-tron 55 quattro S line,52900.0,2023,61000 km,elektro pogon,,300 kW,114 kWh,
22557797,Audi S7 Sportback TDI quattro Tiptronic-MATRIX-ACC,52900.0,2019,92301 km,diesel motor,avtomatski menjalnik,"2967 ccm, 257 kW / 349 KM",,
22762224,Audi Q3 TFSI quattro S tronic - TAKOJ NA VOLJO,,,,bencinski motor,avtomatski menjalnik,"1984 ccm, 150 kW / 204 KM",,NOVO
21829048,Audi Q5 TFSI 150kW - NAROČIMO ZA VAS,,,,bencinski motor,avtomatski menjalnik,"1984 ccm, 150 kW / 204 KM",,NOVO
21620837,Audi Q5 TFSI - NAROČIMO ZA VAS ,,,,bencinski motor,avtomatski menjalnik,"1984 ccm, 150 kW / 204 KM",,NOVO
21977756,Audi Q3 Sportback TFSI S tronic 110kW,,,,bencinski motor,avtomatski menjalnik,"1498 ccm, 110 kW / 150 KM",,NOVO
22443368,Audi Q3 Sportback TFSI quattro ,,,,bencinski motor,avtomatski menjalnik,"1984 ccm, 150 kW / 204 KM",,NOVO
22471848,Audi A5 AVANT e-hybrid quattro Business - NAROČIMO ZA VAS,,,,hibridni pogon,avtomatski menjalnik,"1984 ccm, 185 kW / 252 KM",,NOVO
22724023,Audi A5 Avant TDI Q AVT. S-LINE BLACK LED-VIRT-ASIST-360K-KLJU..,51990.0,2025,23111 km,diesel motor,avtomatski menjalnik,"1968 ccm, 150 kW / 204 KM",,
22302831,Audi Q3 e-hybrid S tronic - DOBAVLJIVO SEPTEMBER 2026,,2026,3000 km,hibridni pogon,avtomatski menjalnik,"1498 ccm, 130 kW / 177 KM",,
22786452,Audi Q3 TDI S tronic,58467.0,2026,2000 km,diesel motor,avtomatski menjalnik,"1968 ccm, 110 kW / 150 KM",,
21703296,Audi Q5 Sportback 40 TDI Quattro S-Line,69782.0,2025,14899 km,diesel motor,avtomatski menjalnik,"1968 ccm, 150 kW / 204 KM",,
22148233,Audi Q7 50 TDI Q S-line LASER PANO 22 LUFT HEAD-UP ACC F1,51990.0,2022,141200 km,diesel motor,avtomatski menjalnik,"2967 ccm, 210 kW / 286 KM",,
22622605,Audi Q8 3.0 TDI Q. AUT. sLine|Acc|Matrix|Zračno|Kamera|Klj,51990.0,2019,143255 km,diesel motor,avtomatski menjalnik,"2967 ccm, 210 kW / 286 KM",,
22789831,Audi Q8 50 TDI°QUATTRO°S-LINE°SLOVENSKI°KAMERE°MATRIX°NA..,51990.0,2019,138200 km,diesel motor,avtomatski menjalnik,"2967 ccm, 210 kW / 286 KM",,
22754603,Audi Q8 QUATTRO - ZRAČNO - PANO - MATRIX - KAMERA - ...,51990.0,2019,165000 km,diesel motor,avtomatski menjalnik,"2967 ccm, 210 kW / 286 KM",,
22065375,Audi RS Q3 Sportback 2.5 TFSI quattro|MATRIX|VIRTUAL|PANO|ACC|KAM|NAVI,51990.0,2020,85000 km,bencinski motor,avtomatski menjalnik,"2480 ccm, 294 kW / 400 KM",,
22558096,Audi SQ7 4.0 TDI 7 SEDEŽEV-LASER-PANO-KAM-KLJUKA-ALU.22-B O,51990.0,2019,155600 km,diesel motor,avtomatski menjalnik,"3956 ccm, 320 kW / 435 KM",,
21974724,Audi SQ7 V8 TDI qu|LASER|ACC|NIGHT-V|HUD|K-360°|WEBASTO|F1,,2020,158000 km,diesel motor,avtomatski menjalnik,"3956 ccm, 320 kW / 435 KM",,
22329492,Audi A5 quattro TDI S tronic S line - SLOVENSKO VOZILO,,2025,16906 km,diesel motor,avtomatski menjalnik,"1968 ccm, 150 kW / 204 KM",,
22710813,Audi Q6 e-tron Business e-tron Performance - SUBVENCIJA,,2025,26250 km,elektro pogon,,240 kW,100 kWh,
22750627,Audi Q8 quattro F1 3S Line ACC PANO MATRIX WEBASTO HEAD-UP,51900.0,2020,155000 km,diesel motor,avtomatski menjalnik,"2967 ccm, 210 kW / 286 KM",,
22119802,Audi Q3 S-tronic 200kW Business TDI ,,,,diesel motor,avtomatski menjalnik,"1498 ccm, 200 kW / 272 KM",,NOVO
22644560,Audi Q3 Sportback TFSI quattro S tronic,51800.0,2026,9000 km,bencinski motor,avtomatski menjalnik,"1984 ccm, 150 kW / 204 KM",,
22248195,Audi Q8 e-tron 55 quattro S line,51800.0,2023,100000 km,elektro pogon,,300 kW,114 kWh,
22298542,Audi Q3 Sportback TFSI quattro S tronic,57528.0,,,bencinski motor,avtomatski menjalnik,"1984 ccm, 150 kW / 204 KM",,NOVO
22593465,Audi A6 TDI quattro-MATRIX LED-KAMERA 360-EL. SEDEŽI-3xLCD,51490.0,2025,29000 km,diesel motor,avtomatski menjalnik,"1968 ccm, 150 kW / 204 KM",,
22181051,Audi Q3 Sportback TFSI quattro S tronic 150kW,,,,bencinski motor,avtomatski menjalnik,"1984 ccm, 150 kW / 204 KM",,NOVO
22779836,Audi Q3 Sportback TFSI S tronic,,,,bencinski motor,avtomatski menjalnik,"1498 ccm, 110 kW / 150 KM",,NOVO
21611362,Audi Q3 TDI S tronic ,,,,diesel motor,avtomatski menjalnik,"1968 ccm, 110 kW / 150 KM",,NOVO
22069191,Audi Q3 TFSI S tronic ,,,,bencinski motor,avtomatski menjalnik,"1498 ccm, 110 kW / 150 KM",,NOVO
21314464,Audi Q3 TFSI quattro 150kW - V PRIHODU NOVEMBER,,,,bencinski motor,avtomatski menjalnik,"1984 ccm, 150 kW / 204 KM",,NOVO
22401525,Audi Q4 Sportback e-tron Business - NOVI MODEL - NAROČIMO ZA VAS,47421.0,,,elektro pogon,,150 kW,59 kWh,NOVO
21824280,Audi Q5 Sportback 45 TFSI quattro S tronic S line 195kW,44990.0,2024,23143 km,bencinski motor,avtomatski menjalnik,"1984 ccm, 195 kW / 265 KM",,
22708901,Audi Q7 60 TFSI e QUATTRO 3.0 V6 456 PS 3XS-Line-SOH 97.2,49990.0,2020,104837 km,hibridni pogon,avtomatski menjalnik,"2996 ccm, 335 kW / 455 KM",,
22696930,Audi Q7 quattro 45 TDI Tiptronic-Vlečna kljuka-360 kamera.,44990.0,2019,84229 km,diesel motor,avtomatski menjalnik,"2967 ccm, 170 kW / 231 KM",,
22536489,Audi Q8 50 TDI S-line| Matrix| SoftC|Zračno|Pano|B O,44990.0,2021,181129 km,diesel motor,avtomatski menjalnik,"2967 ccm, 210 kW / 286 KM",,
22776370,Audi RS Q3 Sportback QUATTRO - PANO - S TRONIC - MATRIX - ,44990.0,2021,118000 km,bencinski motor,avtomatski menjalnik,"2480 ccm, 294 kW / 400 KM",,
22760144,Audi RS4 Avant quattro 2.9 TFSI Tiptronic...,44990.0,2018,165000 km,bencinski motor,avtomatski menjalnik,"2894 ccm, 331 kW / 450 KM",,
22783865,Audi S6 Avant |Samo 70.000 km|HD Matrix|Virtual Cockpit|,44990.0,2020,70000 km,diesel motor,avtomatski menjalnik,"2967 ccm, 257 kW / 349 KM",,
22646167,Audi S5 Sportback PANO-RS SEDEŽI-LASER-AMBIENT-BO-20COL,46985.0,2023,99800 km,diesel motor,avtomatski menjalnik,"2967 ccm, 255 kW / 347 KM",,
22789508,Audi A7 55 TFSI quattro S tronic 250kW-S-LINE-S7-BLACKLINE,46950.0,2018,107000 km,bencinski motor,avtomatski menjalnik,"2995 ccm, 250 kW / 340 KM",,
21080087,Audi Q4 Sportback e-tron 40,47900.0,2023,31800 km,elektro pogon,,150 kW,82 kWh,
22768388,Audi Q4 Sportback e-tron 40 e-tron,44900.0,2020,57626 km,elektro pogon,,150 kW,82 kWh,
22787277,Audi RS4 Avant Quattro Matrix LED Navi  Bang Olufsen,44900.0,2018,106850 km,bencinski motor,avtomatski menjalnik,"2894 ccm, 331 kW / 450 KM",,
22514784,Audi S6 Avant TDI quattro Tiptronic,44900.0,2021,115435 km,diesel motor,avtomatski menjalnik,"2967 ccm, 253 kW / 344 KM",,
20572605,Audi Q8 50 TDI quattro 3xS-line-matrix-el.pomič.streha,44888.0,2019,211000 km,diesel motor,avtomatski menjalnik,"2967 ccm, 210 kW / 286 KM",,
21097677,Audi A3 40 TFSI e S line S tronic 150kW,44850.0,2022,24000 km,hibridni pogon,avtomatski menjalnik,"1395 ccm, 165 kW / 224 KM",,
22357285,Audi A6 3.0 50 TDI 3XS-LINE 360 KAMERA NAVI AKT. TEMP USNJ,44450.0,2022,47581 km,diesel motor,avtomatski menjalnik,"2967 ccm, 210 kW / 286 KM",,
22783972,Audi Q8 50 TDI 3X-S LINE-ZRAČNO VZEMETENJE-KLUKA-KAMERA,44450.0,2020,195000 km,diesel motor,avtomatski menjalnik,"2967 ccm, 210 kW / 286 KM",,
22689912,Audi Q4 e-tron Performance Business,44258.0,,,elektro pogon,,210 kW,82 kWh,NOVO
22475403,Audi Q3 Sportback 35 TDI S line S tronic,44250.0,2024,,diesel motor,avtomatski menjalnik,"1968 ccm, 110 kW / 150 KM",,
22123939,Audi Q3 Sportback e-hybrid S-tronic Business - NAROČIMO ZA VAS,,,,hibridni pogon,avtomatski menjalnik,"1498 ccm, 200 kW / 272 KM",,NOVO
21528281,Audi Q7 55 TFSI e quattro S line,44000.0,2020,124000 km,hibridni pogon,avtomatski menjalnik,"2995 ccm, 280 kW / 381 KM",,
20613100,Audi Q7 50 TDI quattro-S line-LED-NAVI-VIRTUAL-ZRAČNO-ALU,43999.0,2021,145692 km,diesel motor,avtomatski menjalnik,"2967 ccm, 210 kW / 286 KM",,
22471730,Audi Q3 Sportback e-hybrid S tronic - NAROČIMO ZA VAS,,,,hibridni pogon,avtomatski menjalnik,"1498 ccm, 200 kW / 272 KM",,NOVO
20159335,Audi Q5 40 TDI quattro S tronic S line 150kW - 1. LASTNIK,43990.0,2022,74983 km,diesel motor,avtomatski menjalnik,"1968 ccm, 150 kW / 204 KM",,
22765905,Audi Q8 50 TDI QUATTRO°ZRAČNO°MATRIX°360°ACC°,43990.0,2019,172500 km,diesel motor,avtomatski menjalnik,"2967 ccm, 210 kW / 286 KM",,
22787526,Audi S6 Q|HD-Matrix|ACC|Memory|Kljuka|Zračno|Ambient,43990.0,2020,129000 km,diesel motor,avtomatski menjalnik,"2967 ccm, 257 kW / 349 KM",,
22756251,Audi Q7 50 TDI Quattro Mhev Tiptronic Zrač. Vzmet.|Matrix|,,2021,95917 km,diesel motor,avtomatski menjalnik,"2967 ccm, 210 kW / 286 KM",,
22455793,Audi S6 Avant TDI Tiptronic,43900.0,2020,140900 km,diesel motor,avtomatski menjalnik,"2967 ccm, 257 kW / 349 KM",,
22687929,Audi SQ5 quattro TDI PANORAMA MATRIX 360 KAM 21” NEMŠKI ,43890.0,2021,112000 km,diesel motor,avtomatski menjalnik,"2967 ccm, 251 kW / 341 KM",,
21589028,Audi Q8 50 TDI quattro S-LINE-MATIRX-PANO-360-ACC-SOFT,43888.0,2018,199999 km,diesel motor,avtomatski menjalnik,"2967 ccm, 210 kW / 286 KM",,
21069397,Audi A7 50TDI Quattro S-line MATRIX 360 Zračno HUD WEBASTO,44888.0,2020,139862 km,diesel motor,avtomatski menjalnik,"2967 ccm, 210 kW / 286 KM",,
21742227,Audi S6 TDI quattro tiptronic 257kW,43770.0,2021,219700 km,diesel motor,avtomatski menjalnik,"2967 ccm, 253 kW / 344 KM",,
22618498,Audi A6 Avant 50 TDI quattro S line -ZRAČNO VZM. HLAJENI SEDEŽI ,,2023,63966 km,diesel motor,avtomatski menjalnik,"2967 ccm, 210 kW / 286 KM",,
22760497,Audi A8 50 TDI-QUATTRO-S LINE-PANO-KAM360-MATRIX-ZRAČNO-,43500.0,2019,159329 km,diesel motor,avtomatski menjalnik,"2967 ccm, 210 kW / 286 KM",,
22776700,Audi Q5 Sportback quattro 40 TDI S line-kljuka-BangOlufsen-zračno,43500.0,2023,91900 km,diesel motor,avtomatski menjalnik,"1968 ccm, 150 kW / 204 KM",,
22602269,Audi A6 Avant 40 TDI S tronic-KOT NOV,43490.0,2024,23500 km,diesel motor,avtomatski menjalnik,"1968 ccm, 150 kW / 204 KM",,
20740212,Audi A7 50 TDI quattro tiptronic,43490.0,2018,157000 km,diesel motor,avtomatski menjalnik,"2967 ccm, 210 kW / 286 KM",,
22716830,Audi RS3 Limuzina quattro|Matrix+Panorama+KeyGO+BangOlufsen,43490.0,2022,99000 km,bencinski motor,avtomatski menjalnik,"2480 ccm, 294 kW / 400 KM",,
22667735,Audi S6 Avant TDI QUATTRO-GOODWOOD GREEN,43490.0,2020,124710 km,diesel motor,avtomatski menjalnik,"2967 ccm, 257 kW / 349 KM",,
22064896,Audi Q3 TFSI S tronic ,,,,bencinski motor,avtomatski menjalnik,"1498 ccm, 110 kW / 150 KM",,NOVO
22706468,Audi A5 Avant ,42990.0,2025,5800 km,diesel motor,avtomatski menjalnik,"2000 ccm, 150 kW / 204 KM",,
22581372,Audi A6 Avant 50 TDI S-line Quattro,42990.0,2023,75344 km,diesel motor,avtomatski menjalnik,"2967 ccm, 210 kW / 286 KM",,
22471663,Audi Q3 e-hybrid S tronic - NAROČIMO ZA VAS,,,,hibridni pogon,avtomatski menjalnik,"1498 ccm, 200 kW / 272 KM",,NOVO
22404394,Audi Q3 Sportback TFSI S tronic - NA VOLJO NOVEMBRA 2026,,2026,3000 km,bencinski motor,avtomatski menjalnik,"1498 ccm, 110 kW / 150 KM",,
22790385,BMW serija 3: 330d xDrive M-SPORT|Pano|ACC|360kam|HeadUp|Keyless,53990.0,2025,14500 km,diesel motor,avtomatski menjalnik,"2993 ccm, 210 kW / 286 KM",,
22790370,BMW serija X5: xD40d|M|Laser|Zračno|ACC|360K|Masaža|Crystal|Hlaj.,55990.0,2021,95000 km,diesel motor,avtomatski menjalnik,"2993 ccm, 250 kW / 340 KM",,
22790333,BMW serija X5: 30d XD MSPORT|360KAM|ACC|HK|NAVI|MEMORY|FULL LED..,40590.0,2019,168190 km,diesel motor,avtomatski menjalnik,"2993 ccm, 195 kW / 265 KM",,
22790293,BMW serija X5: xDrive30d M PRO ICONIC HEAD UP PANO KAM360 22COL,85900.0,2024,36000 km,diesel motor,avtomatski menjalnik,"2993 ccm, 219 kW / 298 KM",,
22790288,BMW serija X1: sDrive18d M Sport - NAVI - KAMERA- JAMSTVO 1 LETO,14990.0,2019,187000 km,diesel motor,ročni menjalnik,"1995 ccm, 110 kW / 150 KM",,
22790283,BMW serija X5: xDrive30d|M-Pro|R22|IconcG|Kljuka|HUD|Harman|360K.,71990.0,2024,49800 km,diesel motor,avtomatski menjalnik,"2993 ccm, 210 kW / 286 KM",,
22790269,BMW serija X5: xD30d|M-Pro|R22|SoftC|Pano|Kljuka|HUD|Hlaj|360K|,69990.0,2024,59000 km,diesel motor,avtomatski menjalnik,"2993 ccm, 210 kW / 286 KM",,
22790253,BMW serija 3 Touring: 318i Touring Avt.,20880.0,2022,65000 km,bencinski motor,avtomatski menjalnik,"1998 ccm, 115 kW / 156 KM",,
22790238,BMW serija 3: 318i,4500.0,1992,260000 km,bencinski motor,ročni menjalnik,"1796 ccm, 83 kW / 113 KM",,
22790232,BMW serija X6: xDrive40d Avt.-MSPORT-PANO-LASER-ICONIC-VK-HARMAN,54900.0,2022,157717 km,diesel motor,avtomatski menjalnik,"2993 ccm, 250 kW / 340 KM",,
22516460,BMW serija 3: 320d xDrive Avt. 190PS  24 MESECEV JAMSTVO ,33250.0,2023,50600 km,diesel motor,avtomatski menjalnik,"1995 ccm, 140 kW / 190 KM",,
22268598,BMW serija 5: 520d AUT-M PAKET-HEAD UP-NAVI-XENON-PDC-ODLIČEN,10980.0,2013,295132 km,diesel motor,avtomatski menjalnik,"1995 ccm, 135 kW / 184 KM",,
22790203,BMW serija 7: 750Ld xDrive - INDIVIDUAL - PROTOKOLARNO VOZILO,17000.0,2014,361000 km,diesel motor,avtomatski menjalnik,"2993 ccm, 280 kW / 381 KM",,
22790202,BMW serija X5: M50d|Laser|SkyL|Hlajenje|Masaža|ACC|SoftC|Harman|.,43990.0,2020,185000 km,diesel motor,avtomatski menjalnik,"2993 ccm, 294 kW / 400 KM",,
22692741,BMW serija 5 Touring: 540d xDrive-LASER-SOFT-HUD-360KAM-NAPA-INDIVIDUAL,27990.0,2021,188250 km,diesel motor,avtomatski menjalnik,"2993 ccm, 250 kW / 340 KM",,
22790191,BMW serija 3: M340i xDrive LASER-Panor-KAM360-ACC-Harman,42480.0,2020,130214 km,bencinski motor,avtomatski menjalnik,"2998 ccm, 275 kW / 374 KM",,
22790183,BMW Z4 Roadster M40i Avt.,48900.0,2022,36500 km,bencinski motor,avtomatski menjalnik,"2998 ccm, 250 kW / 340 KM",,
22790178,BMW serija X5: xDrive25d Sport Acc - Kamera- Led- Virtual- Memo..,46990.0,2022,98500 km,diesel motor,avtomatski menjalnik,"1995 ccm, 170 kW / 231 KM",,
22790169,BMW serija X5: xDrive40i M Avt. zračno vzmeten-webasto-laser-ACC,52900.0,2020,106769 km,bencinski motor,avtomatski menjalnik,"2998 ccm, 250 kW / 340 KM",,
22790160,BMW serija 3 Touring: 318d AUT.-MENJANA VERIGA-ALU 18-NAVI-TEMP-LED-PDC,5790.0,2013,324500 km,diesel motor,avtomatski menjalnik,"1995 ccm, 105 kW / 143 KM",,
22433677,BMW serija X1: 20d - xDrive - M Sport - LED - HUD - Memory- Kame,19990.0,2019,169000 km,diesel motor,avtomatski menjalnik,"1995 ccm, 140 kW / 190 KM",,
22178233,BMW serija X1: X1 xDrive25d HEADUP-PANORAMA-LED-V.KLJUKA-KEYLESS,13990.0,2017,233700 km,diesel motor,avtomatski menjalnik,"1995 ccm, 170 kW / 231 KM",,
21774047,BMW serija 5: 520i SLO.POREKLO-LED-NAVI-19col-AMBIENT-KOT NOV,17690.0,2018,169000 km,bencinski motor,avtomatski menjalnik,"1998 ccm, 135 kW / 184 KM",,
22790101,BMW serija X5: xDrive30d Avt. M optic,45000.0,2020,120000 km,diesel motor,avtomatski menjalnik,"2993 ccm, 210 kW / 286 KM",,
22790100,BMW i4 M50 xD5IVE Grand Coupe,44950.0,2023,18070 km,elektro pogon,,400 kW,"83,9 kWh",
22790056,BMW M4 Competition TRACK CARBON xD|Slo|HUD|ACC|Harman|3..,69990.0,2023,83000 km,bencinski motor,avtomatski menjalnik,"2993 ccm, 390 kW / 530 KM",,
22790045,BMW serija 2 Active Tourer: 218d Active Tourer Luxury Line Avt.,21950.0,2022,100235 km,diesel motor,avtomatski menjalnik,"1995 ccm, 110 kW / 150 KM",,
22734309,BMW serija 2 Active Tourer: 218i Business Design Avt.|Pano|Kamera|5LET JAMSTVA,,2023,92234 km,bencinski motor,avtomatski menjalnik,"1499 ccm, 100 kW / 136 KM",,
22733017,BMW serija 3 Touring: 320e PHEV xDrive Avt.|Laser|Kljuka|ACC|Head-up|,,2023,103877 km,hibridni pogon,avtomatski menjalnik,"1998 ccm, 150 kW / 204 KM",,
22732895,BMW iX3 Charged M SPORT|Pano|Memory|ACC|Gr.sed.|,,2024,40830 km,elektro pogon,,210 kW,80 kWh,
22732798,BMW serija 3 Touring: 318D Aut. Design|Koti|Kamera|Memory|+5 LET JAMSTVA,,2022,97575 km,diesel motor,avtomatski menjalnik,"1995 ccm, 110 kW / 150 KM",,
22789979,BMW serija X4: 20XD-AUT-M-PAKET-LED-LANE-ASSIST-KAMERA-NAVI-F1-PD,31950.0,2020,120000 km,diesel motor,avtomatski menjalnik,"1995 ccm, 140 kW / 190 KM",,
22789960,BMW serija 3: 318d Sport Line Avt. Xenon Led Pdc Alu ,12490.0,2016,232000 km,diesel motor,avtomatski menjalnik,"1995 ccm, 110 kW / 150 KM",,
22789955,BMW serija X3: xDrive 20d Advantage Avt.,24900.0,2018,169900 km,diesel motor,avtomatski menjalnik,"1995 ccm, 140 kW / 190 KM",,
22789940,BMW serija 3: 330e M Sport Avt.,30900.0,2020,42067 km,hibridni pogon,avtomatski menjalnik,"1998 ccm, 215 kW / 292 KM",,
22789934,BMW serija 3: 320d NAVIGACIJA-USNJE-ALU-SLOVENSKI,2985.0,2007,283000 km,diesel motor,ročni menjalnik,"1995 ccm, 130 kW / 177 KM",,
22789928,BMW serija 1: 116i M SPORT - PROF. NAVI - LED - USNJE - ODLIČEN,5990.0,2012,222700 km,bencinski motor,ročni menjalnik,"1598 ccm, 100 kW / 136 KM",,
22789923,BMW serija 5 Touring: 520d xDrive touring Avt. - NA OBROKE -,8990.0,2014,264000 km,diesel motor,avtomatski menjalnik,"1995 ccm, 135 kW / 184 KM",,
22789911,BMW serija 3: 320d-SLO-LIMO-XENON-TEMP-PDC-ALU-ODLIČEN.,4990.0,2008,217000 km,diesel motor,ročni menjalnik,"1995 ccm, 130 kW / 177 KM",,
22789899,BMW serija X1: xDrive23i Avt.,34250.0,2023,60500 km,bencinski motor,avtomatski menjalnik,"1998 ccm, 160 kW / 218 KM",,
22789894,BMW serija 3: 316i. 1LAST.SLO.LED.ALU.VRHUNSKI.NA OBROKE-LEANPAY,11499.0,2014,142000 km,bencinski motor,ročni menjalnik,"1598 ccm, 100 kW / 136 KM",,
22789886,BMW serija 2 Gran Tourer: serija 2  218d Gran Tourer-V OKVARI,3999.0,2016,257042 km,diesel motor,ročni menjalnik,"1995 ccm, 110 kW / 150 KM",,
22789867,BMW serija 2 Active Tourer: 218d Active Tourer M Sport SLO.LED.NAVI.DAB.LINE..,16599.0,2021,103817 km,diesel motor,avtomatski menjalnik,"1995 ccm, 110 kW / 150 KM",,
22789810,BMW serija X6: xDrive 40i+M PAKET+PANO+22COL+ICONIC GLOW...,58995.0,2020,163502 km,bencinski motor,avtomatski menjalnik,"2998 ccm, 245 kW / 333 KM",,
22789800,BMW serija 5: M550i xDrive Avt.-MEMORY-HEADUP-ACC-GRET. SED.,35990.0,2017,148000 km,bencinski motor,avtomatski menjalnik,"4395 ccm, 340 kW / 462 KM",,
22789785,BMW i5 eDrive40 M Sport SLO - ACC - HUD - HARMAN,58990.0,2024,17000 km,elektro pogon,,250 kW,"81,2 kWh",
22789779,BMW serija X5: xDrive30d AUT M Sport- 360- Panorama- Memory,49888.0,2023,117806 km,diesel motor,avtomatski menjalnik,"2993 ccm, 210 kW / 286 KM",,
22789764,BMW serija 4 Gran Coupe: 420i GRAN COUPE-M-PACK-LED-NAVI-PDC-ALKANTARA,22300.0,2018,162000 km,bencinski motor,avtomatski menjalnik,"1990 ccm, 135 kW / 184 KM",,
22726106,BMW serija 5: 520d xDrive M Sport Pro paket Iconic glow Pano,51990.0,2024,60630 km,diesel motor,avtomatski menjalnik,"1995 ccm, 145 kW / 197 KM",,
22366542,BMW serija 5: 520dA xDrive M PRO|LED|ACC|HUD|ICONIC|K360°|KEY|F1,51990.0,2024,79000 km,diesel motor,avtomatski menjalnik,"1995 ccm, 145 kW / 197 KM",,
22491158,BMW serija X2: X2 sDrive20i Avt. - NA ZALOGI,59545.0,,,bencinski motor,avtomatski menjalnik,"1499 ccm, 125 kW / 170 KM",,NOVO
22471394,BMW serija X4: xDrive 30d Avt. M-Sport-EL.KLJUKA-HUD-LASER-PANO,54990.0,2024,62967 km,diesel motor,avtomatski menjalnik,"2993 ccm, 210 kW / 286 KM",,
22790484,BMW serija X5: xD40d|M|Laser|Zračno|ACC|360K|Hlaj|Crystal|HUD|S,51990.0,2021,135000 km,diesel motor,avtomatski menjalnik,"2993 ccm, 250 kW / 340 KM",,
22016366,BMW serija X5: xDrive30d|M-SPORT|PANORAMA|K360°|ACC|HEAD-UP|KEY|LASER,51990.0,2022,148000 km,diesel motor,avtomatski menjalnik,"2993 ccm, 210 kW / 286 KM",,
22785802,BMW serija X5: xDriveM50d Avt. - MAX oprema,51990.0,2019,130000 km,diesel motor,avtomatski menjalnik,"2993 ccm, 294 kW / 400 KM",,
22336341,BMW serija X6: xDrive30d M SPORT PAKET LED NAVI ACC USNJE 360 K..,52990.0,2022,85000 km,diesel motor,avtomatski menjalnik,"2993 ccm, 210 kW / 286 KM",,
22554604,BMW serija X1: sDrive18d Avt. M SPORT,58996.0,,,diesel motor,avtomatski menjalnik,"1995 ccm, 110 kW / 150 KM",,NOVO
22499422,BMW serija X1: X1 sDrive18d Avt VOZILO NA ZALOGI,58996.0,,,diesel motor,avtomatski menjalnik,"1995 ccm, 110 kW / 150 KM",,NOVO
22631876,BMW serija 3 Touring: 330d xDrive -M.SPORT PRO-RADAR-H K-KEYLESS-KAMERA,51980.0,2024,45600 km,diesel motor,avtomatski menjalnik,"2993 ccm, 210 kW / 286 KM",,
22775547,BMW serija X3: xDrive M40i - SLO VOZILO - PANORAMA - VL.NAPRAVA,,2023,62790 km,bencinski motor,avtomatski menjalnik,"2998 ccm, 265 kW / 360 KM",,
22760707,BMW serija X5: xDrive40d AUT-M SPORT-NAVI-KAMERA-21COL-POLOG 50..,51950.0,2021,170000 km,diesel motor,avtomatski menjalnik,"2993 ccm, 250 kW / 340 KM",,
22786061,BMW serija X6: 40d-XD-MSPORT-PER-ZRAK-ICONIC-PAN-KAM360-KRISTA,51950.0,2020,160700 km,diesel motor,avtomatski menjalnik,"2993 ccm, 250 kW / 340 KM",,
22787049,BMW serija X6: xDrive40d-Acc-Laser-I glow-Sky Pano-360k-4Ws-F1,51950.0,2022,162622 km,diesel motor,avtomatski menjalnik,"2993 ccm, 250 kW / 340 KM",,
22377271,BMW serija 5: 520d xDrive Avt.,51900.0,2025,15949 km,diesel motor,avtomatski menjalnik,"1995 ccm, 145 kW / 197 KM",,
22475043,BMW serija X1: X1 xDrive25e Mpaket Avt. - ZALOGA,58477.0,,,hibridni pogon,avtomatski menjalnik,"1499 ccm, 100 kW / 136 KM",,NOVO
22716470,BMW serija X2: X2 sDrive18d Avt. Mpaket - NA ZALOGI,57877.0,,,diesel motor,avtomatski menjalnik,"1995 ccm, 110 kW / 150 KM",,NOVO
22751833,BMW serija 5: 520i Avt.,51700.0,2025,26000 km,bencinski motor,avtomatski menjalnik,"1998 ccm, 153 kW / 208 KM",,
22369227,BMW serija X3: X3 xDrive20i Avt.,64269.0,2026,7500 km,bencinski motor,avtomatski menjalnik,"1998 ccm, 153 kW / 208 KM",,
22700369,BMW serija X1: 18d sDrive M Sport na zalogi,58859.0,,,diesel motor,avtomatski menjalnik,"1995 ccm, 110 kW / 150 KM",,NOVO
21734061,BMW serija X6: AA LIMUZINA XDrive30D,51500.0,2020,70000 km,diesel motor,avtomatski menjalnik,"2993 ccm, 195 kW / 265 KM",,
22700510,BMW serija X1: sDrive18d Avt. NA ZALOGI,51395.0,,,diesel motor,avtomatski menjalnik,"1995 ccm, 110 kW / 150 KM",,NOVO
21379447,BMW serija 5 Touring: 520D M-SPORT-FUL LED-HLAJENJE-360-KAM-HEAD-UP,51290.0,2024,19636 km,diesel motor,avtomatski menjalnik,"1995 ccm, 145 kW / 197 KM",,
22602069,BMW serija X5: xDrive30d ODLIČEN,51240.0,2020,105000 km,diesel motor,avtomatski menjalnik,"2993 ccm, 210 kW / 286 KM",,
21887458,BMW iX ix40 xDrive Sport package Panorama Bowers Wilkins,51000.0,2024,54368 km,elektro pogon,,240 kW,"76,6 kWh",
22652411,BMW serija 8 Coupe: 840d xDrive M-PRO.INDIVIDUAL.H-K.HUD.ACC.SOFT.LAS.,51000.0,2022,107000 km,diesel motor,avtomatski menjalnik,"2993 ccm, 250 kW / 340 KM",,
22382601,BMW serija X5: xDrive40d|LASER|H-K|ADAP.D |ACC|HUD|PRO|DR.ASIST.,51000.0,2020,137000 km,diesel motor,avtomatski menjalnik,"2993 ccm, 250 kW / 340 KM",,
22044718,BMW serija 4 Cabrio: BMW serija4 Cabrio  m440i-XD-374km-LASER-KAM360...,50999.0,2023,46300 km,bencinski motor,avtomatski menjalnik,"2998 ccm, 275 kW / 374 KM",,
21865839,BMW M3 Akrapović Adaptivne LED Memory sedeži Navi Pro,50990.0,2018,125868 km,bencinski motor,avtomatski menjalnik,"2979 ccm, 317 kW / 431 KM",,
22678655,BMW serija 5 Touring: 520d xDrive Touring Avt. - ACC - HARMAN - KLJUKA,50990.0,2024,73007 km,diesel motor,avtomatski menjalnik,"1995 ccm, 140 kW / 190 KM",,
22629135,BMW i4 I4 M50 SLO  odbitek DDV ,50900.0,2024,57000 km,elektro pogon,,400 kW,"83,9 kWh",
19259084,BMW serija 5 Touring: 530d xDrive M SPORT PAKET Head-Up Navi Kljuka,50900.0,2021,91000 km,diesel motor,avtomatski menjalnik,"2993 ccm, 210 kW / 286 KM",,
22495883,BMW serija X3: X3 xDrive20d Avt. Msport. Garancija. HUD,50900.0,2025,35000 km,diesel motor,avtomatski menjalnik,"1995 ccm, 145 kW / 197 KM",,
22097232,BMW serija X4: xDrive30d M Sport LASER-Panor-KAM360-Ambient-ACC,50880.0,2023,99896 km,diesel motor,avtomatski menjalnik,"2993 ccm, 210 kW / 286 KM",,
22361934,BMW serija 4 Gran Coupe: M440i xDrive Gran Coupé Avt.,51900.0,2024,58000 km,bencinski motor,avtomatski menjalnik,"2998 ccm, 275 kW / 374 KM",,
22718285,BMW serija X1: sDrive18d Avt. ZALOGA - CAPE YORK barva,57712.0,,,diesel motor,avtomatski menjalnik,"1995 ccm, 110 kW / 150 KM",,NOVO
21871833,BMW serija X6: xDrive30d,50490.0,2020,120015 km,diesel motor,avtomatski menjalnik,"2993 ccm, 210 kW / 286 KM",,
22490163,BMW 1M Coupe ,50000.0,2011,127600 km,bencinski motor,ročni menjalnik,"3000 ccm, 250 kW / 340 KM",,
22628349,BMW M3 Competition | LCI | M-performance,50000.0,2017,125000 km,bencinski motor,ročni menjalnik,"3000 ccm, 331 kW / 450 KM",,
22787165,BMW serija X5: xDrive M50d - LASER-360 KAM-SOFT CLOSE-PANORAMA...,47480.0,2020,126000 km,diesel motor,avtomatski menjalnik,"2993 ccm, 294 kW / 400 KM",,
22696169,BMW serija 2 Gran Coupe: 220xD•M•SPORT•LED•KAM•F1•TEMP•19COL•VIRUTAL•AMBI,22990.0,2020,175000 km,diesel motor,avtomatski menjalnik,"1995 ccm, 140 kW / 190 KM",,
22766931,BMW serija 1: 118D•SPORT•LINE•TEMP•NAVI•PDC•17COL•,14450.0,2018,119725 km,diesel motor,ročni menjalnik,"1995 ccm, 110 kW / 150 KM",,
22696614,BMW serija X3: 3.0•XD•LUXURY•PANO•360°KAM•FUL•LED•AMBI,24990.0,2021,240824 km,diesel motor,avtomatski menjalnik,"2993 ccm, 210 kW / 286 KM",,
22787133,BMW serija 3 Coupe: 335i N55 DKG - M Performance pack OM...,25980.0,2010,175000 km,bencinski motor,avtomatski menjalnik,"2979 ccm, 225 kW / 306 KM",,
22787078,BMW serija 5 Touring: 540d xDrive M-PAKET LASER ACC KAM HUD NAVI KLJUK..,38990.0,2022,129000 km,diesel motor,avtomatski menjalnik,"2993 ccm, 250 kW / 340 KM",,
22787052,BMW serija 1: BMW 118d M SPORT komplet | AVTOMATIK ,14500.0,2017,150000 km,diesel motor,ročni menjalnik,"1995 ccm, 110 kW / 150 KM",,
22787041,BMW serija X3: xDrive20d Avt. LAS3R-KAM-NAVI-KEYLESS-USNJE-3ConKl,31900.0,2022,109004 km,diesel motor,avtomatski menjalnik,"1995 ccm, 140 kW / 190 KM",,
22647413,BMW serija 3 Touring: 318d FULL LED|NAVI|DAB|KAM|MRTVI KOT|HI-FI|VIRTUAL,22990.0,2023,164932 km,diesel motor,avtomatski menjalnik,"1995 ccm, 110 kW / 150 KM",,
22786993,BMW M3 EDC KEYLESS PDC PRVA BARVA,45900.0,2010,157378 km,bencinski motor,ročni menjalnik,"3999 ccm, 309 kW / 420 KM",,
22786983,BMW serija X1: X1 xDrive18d Sport Line NAVI-KAM-ALU18-PRIKLOP,19790.0,2018,138969 km,diesel motor,avtomatski menjalnik,"1995 ccm, 110 kW / 150 KM",,
22786977,BMW serija 3 Cabrio: 330D AVT|BIXENON|USNJE|PDC|VDRŽEVAN|19COL,8950.0,2007,297000 km,diesel motor,avtomatski menjalnik,"2994 ccm, 170 kW / 231 KM",,
22786974,BMW serija 4 Coupe: 420d-ALU-2X PDC-LED-BIXENON-1.LASTNIK-ODLIČEN- ,9790.0,2015,289500 km,diesel motor,ročni menjalnik,"1995 ccm, 135 kW / 184 KM",,
22786936,BMW serija X2: X2 sDrive18d Avt. M Sport SLOVENSKI AVTO,,2025,32000 km,diesel motor,avtomatski menjalnik,"1995 ccm, 110 kW / 150 KM",,
22786927,BMW serija X3: xDrive 30d RADAR HEAD-UP FULL LED KEYLESS 360 KAM,29990.0,2020,115000 km,diesel motor,avtomatski menjalnik,"2993 ccm, 195 kW / 265 KM",,
22786905,BMW i3 94Ah  Avt. 1.lastnik 51.000km  - odličen,16390.0,2018,51381 km,elektro pogon,,125 kW,33 kWh,
22786867,BMW serija 3: 330i M SPORT|Led|Virtual|19col|Ambient|Vl.kljuka,28990.0,2021,139000 km,bencinski motor,avtomatski menjalnik,"2998 ccm, 190 kW / 258 KM",,
22786859,BMW serija X5: 3.0d Avt. 4x4-KAMERA-ALU 19 COL-USNJE-TEMPOMAT,6980.0,2007,352554 km,diesel motor,avtomatski menjalnik,"2993 ccm, 173 kW / 235 KM",,
22786844,BMW serija 4 Gran Coupe: M Sport ADAPTIVE LED-HARMAN-LE85000KM KOT NOV,22750.0,2018,85000 km,diesel motor,ročni menjalnik,"1995 ccm, 140 kW / 190 KM",,
22786841,BMW serija 3 Touring: 318d Touring Sport Line LED.NAVI.HUD.PDC,9980.0,2017,285081 km,diesel motor,avtomatski menjalnik,"1995 ccm, 110 kW / 150 KM",,
22786815,BMW serija 3: 318d - LINE ASSIST - USNJE - FUL LED - TEMPOM4T,19990.0,2019,158106 km,diesel motor,ročni menjalnik,"1995 ccm, 110 kW / 150 KM",,
21999983,BMW serija 6 Gran Coupe: INDIVIDUAL-M SPORT-SLOVENSKI-OPOMBE,13999.0,2012,259149 km,diesel motor,avtomatski menjalnik,"2993 ccm, 230 kW / 313 KM",,
22786731,BMW serija 2 Active Tourer: 216d-NAVI-XENON-SERV.KNJ.-LEANPAY DO 84 OBROKOV,8990.0,2016,160000 km,diesel motor,ročni menjalnik,"1496 ccm, 85 kW / 116 KM",,
22786717,BMW serija X6: 40D•XD•M•SPORT•LASER•SOFT•PANO•22COL•HARMAN•MEMORY,64990.0,2022,69751 km,diesel motor,avtomatski menjalnik,"2993 ccm, 250 kW / 340 KM",,
22786576,BMW serija X5: xDrive45e ALKANTARA STROP-BLAZINE-KLJUKA-LASER,54990.0,2022,90000 km,hibridni pogon,avtomatski menjalnik,"2998 ccm, 290 kW / 394 KM",,
22786474,BMW serija X1: sDrive20d Sport Line,19290.0,2017,116900 km,diesel motor,avtomatski menjalnik,"1995 ccm, 140 kW / 190 KM",,
22786453,BMW serija 3 Gran Turismo: Luxury Line Blue Efficient,13700.0,2017,187000 km,diesel motor,avtomatski menjalnik,"1995 ccm, 120 kW / 163 KM",,
22786340,BMW serija 5 Touring: BMW 520d LED+VIRTUAL+ACC+AB  24-MESEČNO JAMSTVO.,35290.0,2023,79094 km,diesel motor,avtomatski menjalnik,"1995 ccm, 140 kW / 190 KM",,
22786309,BMW serija 3 Touring: 330xd touring,1800.0,2002,400000 km,diesel motor,ročni menjalnik,"2926 ccm, 135 kW / 184 KM",,
22689343,BMW serija 3 Cabrio: M3 cabrio,29990.0,2001,224000 km,bencinski motor,ročni menjalnik,"3246 ccm, 252 kW / 343 KM",,
22786281,BMW serija X6: xDriveM50d Avt. 22COL PAN. HARMAN-LASER,57999.0,2020,170142 km,diesel motor,avtomatski menjalnik,"2993 ccm, 294 kW / 400 KM",,
22786280,BMW serija X2: X2 sDrive18d Avt.,42750.0,2025,26000 km,diesel motor,avtomatski menjalnik,"1995 ccm, 110 kW / 150 KM",,
22786227,BMW serija 3 Touring: 318d Touring- M optic,8950.0,2014,251000 km,diesel motor,ročni menjalnik,"1995 ccm, 105 kW / 143 KM",,
22786226,BMW serija 5: 520d AUT.-KAMERA-GRETJE VOLANA-KLJUKA,19990.0,2017,170000 km,diesel motor,avtomatski menjalnik,"1995 ccm, 140 kW / 190 KM",,
22786198,BMW serija X3: xDrive 20d,11500.0,2015,249000 km,diesel motor,avtomatski menjalnik,"1995 ccm, 140 kW / 190 KM",,
22786188,BMW serija 3: 3 2.0 d AUT- Virtual- Kamera- Usnje- LED- Navi,23888.0,2022,137364 km,diesel motor,avtomatski menjalnik,"1995 ccm, 90 kW / 122 KM",,
22174077,BMW i4 eDrive40 - NAVI - APPLE CAR PLAY - ISOFIX -,36899.0,2022,90500 km,elektro pogon,,250 kW,"83,9 kWh",
22260297,BMW serija 5 Touring: 520d xDrive M-SPORT - 1.LASTNIK - SLO - VL. KLJUKA,24900.0,2022,186000 km,diesel motor,avtomatski menjalnik,"1995 ccm, 140 kW / 190 KM",,
22786144,BMW XM 4.4 -MASAŽA-SOFTCLOSE-23COL-BOWERS-PRIKLOP-...,,2023,64725 km,hibridni pogon,avtomatski menjalnik,"4395 ccm, 480 kW / 653 KM",,
22786130,BMW serija 5: 540d xDrive  AT  ADAPTIVE-KAMERA,39990.0,2021,100000 km,diesel motor,avtomatski menjalnik,"2993 ccm, 250 kW / 340 KM",,
22786122,BMW serija X5: 3.0d Avt. M Optik,6500.0,2007,325000 km,diesel motor,avtomatski menjalnik,"2993 ccm, 173 kW / 235 KM",,
22786054,BMW serija X2: xDrive20d-M-LED-NAVI-XENON-LANE-PANORAMA-HARMAN,21990.0,2018,145000 km,diesel motor,avtomatski menjalnik,"1995 ccm, 140 kW / 190 KM",,
22786025,BMW serija 2 Active Tourer: serija 2  220d xDrive Active Tourer Avt.-Led-Navi,17980.0,2020,59500 km,diesel motor,avtomatski menjalnik,"1995 ccm, 140 kW / 190 KM",,
22786023,BMW serija 1: 118d Luxury Line Avt.-Virtual-Usnje-Ambilight,17980.0,2020,153579 km,diesel motor,avtomatski menjalnik,"1995 ccm, 110 kW / 150 KM",,
22786007,BMW serija 2 Active Tourer: 218i Active Tourer Luxury Line Avt. -ACC-NAVI-LED-,19890.0,2023,128487 km,bencinski motor,avtomatski menjalnik,"1499 ccm, 100 kW / 136 KM",,
22783774,BMW serija X6: xDrive30d AUT-M Sport-ZRACNO-PANO-HEADUP-360,79990.0,2024,63801 km,diesel motor,avtomatski menjalnik,"2993 ccm, 210 kW / 286 KM",,
22783771,BMW serija 3 Touring: 318i Touring Avt. LED.ACC.HUD.KAMERA,24950.0,2023,119882 km,bencinski motor,avtomatski menjalnik,"1998 ccm, 115 kW / 156 KM",,
22722458,BMW serija 2 Active Tourer: serija 2  216d Active Tourer Sport Line- SLO. LED.,11380.0,2018,92645 km,diesel motor,ročni menjalnik,"1496 ccm, 85 kW / 116 KM",,
22783753,BMW serija 2 Active Tourer: 218i Aut. Active Tourer Advantage,14750.0,2020,77959 km,bencinski motor,avtomatski menjalnik,"1499 ccm, 103 kW / 140 KM",,
22783720,BMW serija 5: 535i xDrive Avt.,17500.0,2013,220000 km,bencinski motor,avtomatski menjalnik,"2979 ccm, 225 kW / 306 KM",,
22783706,BMW serija X5: xDrive 45e INDIVIDUAL M|22ALU|ZRAČNO|LASER|PAN|HUD,,2022,92897 km,hibridni pogon,avtomatski menjalnik,"2998 ccm, 290 kW / 394 KM",,
22783670,BMW serija 2 Active Tourer: 218i Active Tourer Avt. Luxury Line,22850.0,2024,107220 km,bencinski motor,avtomatski menjalnik,"1499 ccm, 100 kW / 136 KM",,
22783633,BMW serija 3: 320i,17100.0,1986,167000 km,bencinski motor,ročni menjalnik,"1990 ccm, 95 kW / 129 KM",,
22783592,BMW serija X3: xDrive 20D-SPORT-PDC-ALU 19COL-BREZ POLOGA-,17999.0,2018,297000 km,diesel motor,avtomatski menjalnik,"1995 ccm, 140 kW / 190 KM",,
22783565,BMW serija 3: M340i x LASER-KAM360-Memory-Ambient-Harman-ACC,63880.0,2025,9112 km,bencinski motor,avtomatski menjalnik,"2998 ccm, 275 kW / 374 KM",,
22783526,BMW serija 5 Touring: 530d xDrive AVT. FULL LED PANO NAVI PDC KAMERA TOP,17490.0,2017,179000 km,diesel motor,avtomatski menjalnik,"2993 ccm, 195 kW / 265 KM",,
22783523,BMW serija X6: M Competition|Laser|SoftC|360K|Masaža|Hlaj|Harman.,75990.0,2022,80000 km,bencinski motor,avtomatski menjalnik,"4395 ccm, 460 kW / 625 KM",,
22783488,BMW serija 3 Touring: 320d Touring,2490.0,2007,421987 km,diesel motor,ročni menjalnik,"1995 ccm, 120 kW / 163 KM",,
22733463,BMW serija 2 Active Tourer: 220d xDrive Active Tourer Avt. PANORAMA,9490.0,2015,189463 km,diesel motor,avtomatski menjalnik,"1995 ccm, 140 kW / 190 KM",,
22227683,BMW serija 3 Touring: 320d,21500.0,2021,183000 km,diesel motor,avtomatski menjalnik,"1995 ccm, 140 kW / 190 KM",,
22783438,BMW serija 5: 540d|xD|M|Pano|SoftC|360K|HUD|Bowers|Parfum|Memo..,39990.0,2020,147000 km,diesel motor,avtomatski menjalnik,"2993 ccm, 250 kW / 340 KM",,
22783430,BMW serija X3: xDrive 20d AUT- 360- Virtual- M volan- Memory- ACC,25888.0,2021,109989 km,diesel motor,avtomatski menjalnik,"1995 ccm, 140 kW / 190 KM",,
22783418,BMW serija X3: xDrive20d AUT. M Sport-GRETJE-F1-PDC-NAVI,23990.0,2018,198024 km,diesel motor,avtomatski menjalnik,"1995 ccm, 140 kW / 190 KM",,
22783415,BMW serija X3: 2.0 xDRIVE|M look|LED|PDC|VIRTUAL|DAB RADIO|,17999.0,2019,223250 km,diesel motor,avtomatski menjalnik,"1995 ccm, 140 kW / 190 KM",,
22783400,BMW serija 5 Touring: 540xD|Moptik|HUD|KEYLES|360 KAM|MRTVI KOT|ACC|LED|,21499.0,2017,207350 km,diesel motor,avtomatski menjalnik,"2993 ccm, 235 kW / 320 KM",,
22783379,BMW serija 3: 318d Sport Line|SLO POREKLO|KAMERA|LED|PDC|NAVI|,10799.0,2018,266200 km,diesel motor,ročni menjalnik,"1995 ccm, 110 kW / 150 KM",,
22783369,BMW i3 94Ah SLO|1.LASTNIK|JAMSTVO,15500.0,2018,79999 km,elektro pogon,,94 kW,33 kWh,
22783357,BMW serija 2 Active Tourer: 218D |SPORTLINE|HUD|LED|PDC|NAVI|LEANPAY|,7199.0,2015,223150 km,diesel motor,ročni menjalnik,"1995 ccm, 110 kW / 150 KM",,
22783341,BMW serija 3 Touring: 318d-BREZ POLOGA.OHRANJENO...,4777.0,2013,249000 km,diesel motor,ročni menjalnik,"1995 ccm, 105 kW / 143 KM",,
22783308,BMW serija X5: xDriveM50d Avt.-LUFT-HUD-LINE-ACC-AMBIENT-360,42985.0,2019,119000 km,diesel motor,avtomatski menjalnik,"2993 ccm, 294 kW / 400 KM",,
22673589,BMW serija 2 Active Tourer: 216d - FULL LED - KAMERA - PRO NAVIGACIJA ,14490.0,2021,130500 km,diesel motor,ročni menjalnik,"1496 ccm, 85 kW / 116 KM",,
22783163,BMW serija X3: xDrive 20d M Sport Avt.,19980.0,2017,153306 km,diesel motor,avtomatski menjalnik,"1995 ccm, 140 kW / 190 KM",,
22783157,BMW serija 1: 120d M Sport Avt.,,2020,168590 km,diesel motor,avtomatski menjalnik,"1995 ccm, 140 kW / 190 KM",,
22783151,BMW serija 3 Touring: 318d Touring M Sport,22500.0,2021,219000 km,diesel motor,avtomatski menjalnik,"1995 ccm, 110 kW / 150 KM",,
22783125,BMW serija X5: 3.0D AVT. 7 SEDEŽEV-4X4 SPORT PAKET USNJE-XENON,6990.0,2008,524000 km,diesel motor,avtomatski menjalnik,"2993 ccm, 173 kW / 235 KM",,
22783053,BMW serija 5 Touring: 520d xDr Avt| MsportPRO| ICONIC| MAT SIVA | BOWER|,51990.0,2024,63940 km,diesel motor,avtomatski menjalnik,"1995 ccm, 145 kW / 197 KM",,
22783042,BMW serija 5: 520d xDrive Avt. M PRO,96800.0,2026,16000 km,diesel motor,avtomatski menjalnik,"1995 ccm, 145 kW / 197 KM",,
22783038,BMW serija 3 Touring: 320D 4X4 AVT. LED-NAVI-VIRT-ASIST-GRET-KAM-BREZ ,23399.0,2020,159963 km,diesel motor,avtomatski menjalnik,"1995 ccm, 140 kW / 190 KM",,
22783018,BMW serija 5: 520d xDrive Avt.,12500.0,2015,303000 km,diesel motor,avtomatski menjalnik,"1995 ccm, 140 kW / 190 KM",,
22782956,BMW serija 2 Gran Tourer: 218i Gran Tourer M SPORT FUL LED NAV PDC ,19990.0,2022,30000 km,bencinski motor,avtomatski menjalnik,"1499 ccm, 100 kW / 136 KM",,
22782919,BMW serija X5: xDrive30d M-Sport -Panorama ,23500.0,2014,197000 km,diesel motor,avtomatski menjalnik,"2993 ccm, 190 kW / 258 KM",,
22782914,BMW serija X5: xDriveM50d Avt.,40300.0,2019,166000 km,diesel motor,avtomatski menjalnik,"2993 ccm, 294 kW / 400 KM",,
22782908,BMW serija X2: X2 xDrive20d X-LINE SLO VOZILO 1 LASTNIK V PRIHODU,26990.0,2023,59000 km,diesel motor,avtomatski menjalnik,"1995 ccm, 140 kW / 190 KM",,
22782907,BMW serija 5 Touring: 520d xDrive Touring AUT- Virtual- Kamera- Usnje,25888.0,2021,126224 km,diesel motor,avtomatski menjalnik,"1995 ccm, 140 kW / 190 KM",,
22782904,BMW serija 3: M340d-XD-LASER-VIRTUAL-PANO-360KAM-MEMORY-HEAD-ACC,38950.0,2021,129063 km,diesel motor,avtomatski menjalnik,"2993 ccm, 250 kW / 340 KM",,
22140937,BMW serija 2 Active Tourer: 218d Luxury Line Kamera Widescreen AMBIENT DAB,19980.0,2023,150000 km,diesel motor,avtomatski menjalnik,"1995 ccm, 110 kW / 150 KM",,
22578271,BMW serija X3: xDrive 30d M-SPORT LASER PANORAMA 360-KAMERA HUD,35980.0,2022,150000 km,diesel motor,avtomatski menjalnik,"2993 ccm, 210 kW / 286 KM",,
22782837,BMW serija X3: xDrive 20d Advantage Avt.•EL. VLEČNA KLJUKA•LED•,23999.0,2020,139000 km,diesel motor,avtomatski menjalnik,"1995 ccm, 140 kW / 190 KM",,
22782797,BMW serija 5: 530e iPerformance Avt.,22500.0,2021,183234 km,hibridni pogon,avtomatski menjalnik,"1998 ccm, 215 kW / 292 KM",,
22782758,BMW serija X2: sDrive18i FULL LED AUTOMATIC NAVI KAMERA 1.LASTN,17675.0,2020,138000 km,bencinski motor,avtomatski menjalnik,"1499 ccm, 100 kW / 136 KM",,
22324622,BMW serija 2 Gran Tourer: 218i M Sport.AVT.FULL LED.17 COL.,19990.0,2021,74251 km,bencinski motor,avtomatski menjalnik,"1499 ccm, 103 kW / 140 KM",,
22782721,BMW serija 5: 540d xDrive Avt.,63990.0,2024,57770 km,diesel motor,avtomatski menjalnik,"2993 ccm, 223 kW / 303 KM",,
22782720,BMW serija 1: 116d FULL LED NAVI 2XPDC 1.LASTNIK- KOT-NOV   ...,15989.0,2022,115000 km,diesel motor,ročni menjalnik,"1496 ccm, 85 kW / 116 KM",,
22592050,BMW serija X5: 3.0d,5450.0,2006,360000 km,diesel motor,avtomatski menjalnik,"2993 ccm, 160 kW / 218 KM",,
22772390,BMW serija 5 Gran Turismo: 530d xDrive-M Optik-XENON-PANO-KAMERA-VLEČNA KLJUK,8990.0,2012,306000 km,diesel motor,avtomatski menjalnik,"2993 ccm, 190 kW / 258 KM",,
22368364,BMW serija 5: 520i M SPORT|20 COL|FULL LED|HUD|MEMORY|KAMERA|,24990.0,2019,195000 km,bencinski motor,avtomatski menjalnik,"1998 ccm, 135 kW / 184 KM",,
21964696,BMW serija 3: 320D|LIMO|LASER|MEMORY|ACC|M PAKET|KAMERA|19C|,34990.0,2024,90000 km,diesel motor,avtomatski menjalnik,"1995 ccm, 140 kW / 190 KM",,
22779861,BMW serija X2: X2 xDrive18d,20900.0,2021,208000 km,diesel motor,avtomatski menjalnik,"1995 ccm, 110 kW / 150 KM",,
22779849,BMW serija X5: xDrive30d Avt.,21500.0,2015,,diesel motor,avtomatski menjalnik,"2993 ccm, 190 kW / 258 KM",,
22779847,BMW serija 2 Gran Tourer: 216d-7 SEDEŽEV-NAVI-ODLIČEN-LEANPAY DO 84 OBROKOV,4750.0,2016,320000 km,diesel motor,ročni menjalnik,"1496 ccm, 85 kW / 116 KM",,
22779832,BMW serija 3 Touring: 20d|xDrive|M-Sport|Laser|ACC|360K|HUD|Harman|...,42890.0,2025,54600 km,diesel motor,avtomatski menjalnik,"1995 ccm, 140 kW / 190 KM",,
22779813,BMW serija 1: 118d-105kw-Str.Okno-Avt.Klima-Start Stop-DTC-Multi,2990.0,2011,288711 km,diesel motor,ročni menjalnik,"1995 ccm, 105 kW / 143 KM",,
21958625,BMW serija 1: 120d M-sport. Odličen ,14490.0,2019,184000 km,diesel motor,avtomatski menjalnik,"1995 ccm, 140 kW / 190 KM",,
22592911,BMW M4 COUPE DKG CARBON AKRAPOVIC HK LED KAM MPERFORMANCE,39980.0,2016,128000 km,bencinski motor,avtomatski menjalnik,"2979 ccm, 317 kW / 431 KM",,
22779722,BMW serija 3 Touring: 316d-NAVIGACIJA-TEMPOMAT-ODLIČEN-FINANCIRANJE-,4990.0,2013,325359 km,diesel motor,ročni menjalnik,"1995 ccm, 85 kW / 116 KM",,
22779677,BMW serija 3 Touring: 316d-LED-MODIFICIRAN-NAVIGACIJA-FINANCIRANJE-,5890.0,2016,292130 km,diesel motor,ročni menjalnik,"1995 ccm, 85 kW / 116 KM",,
22779661,BMW serija 4 Gran Coupe: 420i M Sport LED•PANOR•ACC•GRETJE•HARMAN•KEYLES•19,35999.0,2023,76893 km,bencinski motor,avtomatski menjalnik,"1998 ccm, 135 kW / 184 KM",,
22779632,BMW serija 2 Active Tourer: 218i Active Tourer SLO-KAMERA -ALU-PDC-TEMPOMAT,6490.0,2019,155998 km,bencinski motor,ročni menjalnik,"1499 ccm, 103 kW / 140 KM",,
22779599,BMW serija 7: 730d Avt.,8490.0,2009,350000 km,diesel motor,avtomatski menjalnik,"2993 ccm, 180 kW / 245 KM",,
22779594,BMW i3 S. LED.NAVI.USNJE.HARMAN KARDON.AKTIVNI TEMPOMAT,16999.0,2018,57000 km,elektro pogon,,135 kW,33 kWh,
22779571,BMW serija 5 Touring: 550d xdrive 4control,37990.0,2019,91000 km,diesel motor,avtomatski menjalnik,"2998 ccm, 294 kW / 400 KM",,
22779553,BMW serija X3: xDrive 30d M-Sport Avt.+ADAPTIV LED+ACC+360°KAMERA,39970.0,2023,110831 km,diesel motor,avtomatski menjalnik,"2993 ccm, 210 kW / 286 KM",,
22779545,BMW serija X3: xDrive20d Avt.,46500.0,2024,73500 km,diesel motor,avtomatski menjalnik,"1995 ccm, 140 kW / 190 KM",,
22779508,BMW serija X5: xDrive30d Avt.,13900.0,2013,220000 km,diesel motor,avtomatski menjalnik,"2993 ccm, 180 kW / 245 KM",,
22779487,BMW serija X3: xDrive 20d M Sport Edition-LASER-KLJUKA-HUD-KAM.,37880.0,2022,146350 km,diesel motor,avtomatski menjalnik,"1995 ccm, 140 kW / 190 KM",,
22779464,BMW serija X6: M-COMPETITION-VSA OPREMA-VOZILO VRHUNSKO-,69900.0,2021,88000 km,bencinski motor,avtomatski menjalnik,"4395 ccm, 460 kW / 625 KM",,
22779458,BMW serija 5: 520d-LED-XENON-NAVI-ODLIČEN-LEANPAY DO 84 OBROKOV,10850.0,2014,249000 km,diesel motor,avtomatski menjalnik,"1995 ccm, 140 kW / 190 KM",,
22779452,BMW serija X3: xDrive20d Avt. Msport PRO - NA ZALOGI,85972.0,,,diesel motor,avtomatski menjalnik,"1995 ccm, 145 kW / 197 KM",,NOVO
22779439,BMW serija 2 Gran Tourer: 218d Gran Tourer GT Avt. PANORAMA,14990.0,2020,129600 km,diesel motor,avtomatski menjalnik,"1995 ccm, 110 kW / 150 KM",,
20944877,BMW serija 8 Coupe: M850i xDrive.Individual.Laser.360-K,,2019,36520 km,bencinski motor,avtomatski menjalnik,"4395 ccm, 390 kW / 530 KM",,
22779413,BMW serija X1: sDrive18d Sport Line XENON-KLJUKA-PANO-KEY,17880.0,2019,203880 km,diesel motor,avtomatski menjalnik,"1995 ccm, 110 kW / 150 KM",,
22779394,BMW serija X1: xDrive23i M-Sport Avt. vlečna kljuka,46909.0,2025,26000 km,bencinski motor,avtomatski menjalnik,"1998 ccm, 160 kW / 218 KM",,
22778207,BMW M3 M-XDRIVE COMPETITION INDIVIDUAL SLO LASER HK CSL,73980.0,2022,69000 km,bencinski motor,avtomatski menjalnik,"2993 ccm, 375 kW / 510 KM",,
22557448,BMW serija 5: 530d xDrive Avt.,24999.0,2017,111000 km,diesel motor,avtomatski menjalnik,"2993 ccm, 195 kW / 265 KM",,
22595219,BMW M3 COMPETITION MXDRIVE LASER HK SHADOW AKRAPOVIC,85990.0,2024,42000 km,bencinski motor,avtomatski menjalnik,"2993 ccm, 375 kW / 510 KM",,
22779293,BMW serija X3: xDrive20d Avt. Mpaket - NA ZALOGI,75351.0,,,diesel motor,avtomatski menjalnik,"1995 ccm, 145 kW / 197 KM",,NOVO
22779218,BMW serija 1: 116d FULL LED ALU PDC 1.LASTNIK-KOT-NOV-81000KM...,17377.0,2023,81000 km,diesel motor,ročni menjalnik,"1496 ccm, 85 kW / 116 KM",,
22779153,BMW serija 3 Touring: 320d touring,2300.0,2005,540000 km,diesel motor,ročni menjalnik,"1995 ccm, 110 kW / 150 KM",,
22779149,BMW serija X3: xDrive20 Avt. Mpaket - NA ZALOGI,75322.0,,,bencinski motor,avtomatski menjalnik,"1998 ccm, 153 kW / 208 KM",,NOVO
22779110,BMW serija 2 Gran Tourer: 216 d Gran Tourer,11111.0,2022,208441 km,diesel motor,ročni menjalnik,"1496 ccm, 85 kW / 116 KM",,
22779109,BMW serija 3 Touring: 318d xDrive Touring-TEMPOMAT-NAVI-17COL-LEASING,8490.0,2015,237994 km,diesel motor,ročni menjalnik,"1995 ccm, 110 kW / 150 KM",,
22779086,BMW serija 8 Gran Coupe: 840d xDrive AUT. M SPORT.1.LASTNIK SLO. HYBRID....,57990.0,2021,85000 km,diesel motor,avtomatski menjalnik,"2993 ccm, 250 kW / 340 KM",,
22779052,BMW serija 5: 530d,,2013,,diesel motor,avtomatski menjalnik,"2993 ccm, 190 kW / 258 KM",,
22779028,BMW serija 1: 120d LED multi f.volan 17 col alu,6666.0,2013,224000 km,diesel motor,ročni menjalnik,"1995 ccm, 85 kW / 116 KM",,
22779014,BMW serija X5: xDrive30d AUT. M-PAKET USNJE VIRT. NAVI 360KAM H,40990.0,2019,177180 km,diesel motor,avtomatski menjalnik,"2993 ccm, 195 kW / 265 KM",,
22123576,BMW serija 5 Touring: 520d M-SPORT l KLJUKA l KOT NOV l ,49950.0,2024,48000 km,diesel motor,avtomatski menjalnik,"1995 ccm, 145 kW / 197 KM",,
22778962,BMW serija X1: X1 xDrive20d+18 COL+PRIKLOP+BREZ POLOGA,,2012,235000 km,diesel motor,ročni menjalnik,"1995 ccm, 130 kW / 177 KM",,
22195282,BMW serija 5: 520d Avt. Xdrive l MODIFICIRAN l KOT NOV l 1.LAST,25990.0,2020,150000 km,diesel motor,avtomatski menjalnik,"1995 ccm, 140 kW / 190 KM",,
22778905,BMW serija 1: 128ti Avt.,26490.0,2021,72000 km,bencinski motor,avtomatski menjalnik,"1998 ccm, 195 kW / 265 KM",,
22778904,BMW serija 5: 520-AUT-BI XENON-NAVI-LIZING ZA TUJCE-ODLIČEN-,16950.0,2017,236000 km,diesel motor,avtomatski menjalnik,"1995 ccm, 140 kW / 190 KM",,
22110441,BMW serija X1: X1 X Drive18d M Sport AUT. 1 LAST.SLO,12000.0,2016,178000 km,diesel motor,avtomatski menjalnik,"1995 ccm, 104 kW / 141 KM",,
22774697,BMW serija X6: xDrive30d Avt. M PRO LASER HLAJENJE SKY L. ICONIC,73900.0,2024,47000 km,diesel motor,avtomatski menjalnik,"2993 ccm, 220 kW / 299 KM",,
22774695,BMW serija X6: xDrive40d Avt. M PRO ZRAČNO LASER H K INDIVIDUAL,79900.0,2024,19000 km,diesel motor,avtomatski menjalnik,"2993 ccm, 250 kW / 340 KM",,
22774694,BMW serija X6: xDrive30d Avt. LASER RADAR HEAD UP + 12M JAMSTVO,49900.0,2020,126000 km,diesel motor,avtomatski menjalnik,"2993 ccm, 195 kW / 265 KM",,
22774686,BMW serija 2 Gran Coupe: 218i M-SPORT-SLOVENSKI-24.000KM-LED-1LASTNIK-...,25400.0,2022,24755 km,bencinski motor,ročni menjalnik,"1499 ccm, 100 kW / 136 KM",,
22774666,BMW serija X5: xDrive30d|M|Laser|Zračno|SoftC|SkyL|Hlaj|Masaža|..,53990.0,2021,116700 km,diesel motor,avtomatski menjalnik,"2993 ccm, 195 kW / 265 KM",,
22774660,BMW iX1 xDrive30 |M-Sport|ACC|Pano|HUD|Harman|360K|SLO|...,41990.0,2023,33400 km,elektro pogon,,230 kW,"64,7 kWh",
22774652,BMW serija 7: 730d Avt.-INDIVIDUAL - PANO - BOGATO OPREMLJEN,20750.0,2015,262000 km,diesel motor,avtomatski menjalnik,"2993 ccm, 195 kW / 265 KM",,
22774639,BMW serija X5: xDriveM60i|ACC|HUD|360K|Harman|Memory|Kljuka|SLO|.,87990.0,2023,78000 km,bencinski motor,avtomatski menjalnik,"4395 ccm, 390 kW / 530 KM",,
22774621,BMW serija 1: 116d FULL LED-NAVI-2XPDC-ALU-1.LASTNIK-VRHUNSKI  .,17288.0,2023,125000 km,diesel motor,ročni menjalnik,"1496 ccm, 85 kW / 116 KM",,
22774588,BMW XM 4.4|IconicG|SoftC|Masaža|Hlaj|HUD|Harman|ACC|360K,105900.0,2023,60000 km,hibridni pogon,avtomatski menjalnik,"4395 ccm, 480 kW / 653 KM",,
22774565,BMW serija X7: xD30d|SoftC|Zračno|SkyL|Masaža|360K|Harman|HUD|...,43990.0,2019,167000 km,diesel motor,avtomatski menjalnik,"2993 ccm, 195 kW / 265 KM",,
22774543,BMW serija 3: 318i Sport Line |Led|Kamera|Virtual|Navi|Gretje|..,24990.0,2022,172000 km,bencinski motor,avtomatski menjalnik,"1998 ccm, 115 kW / 156 KM",,
22774470,BMW serija 3: 320d Sport Line,21700.0,2020,163000 km,diesel motor,avtomatski menjalnik,"1995 ccm, 140 kW / 190 KM",,
22774418,BMW serija 3: 316d,6500.0,2013,315000 km,diesel motor,avtomatski menjalnik,"1995 ccm, 85 kW / 116 KM",,
22774402,BMW serija X5: xDrive M50d AUT. INDIVIDUAL-HEADUP-HLAJENJE-360,41990.0,2020,155000 km,diesel motor,avtomatski menjalnik,"2993 ccm, 294 kW / 400 KM",,
22159865,BMW serija 5: 525d M Sport,8490.0,2011,329000 km,diesel motor,avtomatski menjalnik,"2993 ccm, 150 kW / 204 KM",,
21493223,BMW serija 4 Gran Coupe: 420 d M4  M Sport ,12990.0,2015,269000 km,diesel motor,ročni menjalnik,"1995 ccm, 140 kW / 190 KM",,
22774372,BMW serija 5: 540d xDrive-M Sport-INDIVIDUAL-4WS-HLAJENJE-HEADUP,39990.0,2021,145000 km,diesel motor,avtomatski menjalnik,"2993 ccm, 250 kW / 340 KM",,
22774352,BMW serija 2 Gran Tourer: 218d Sport Line Gran Tourer ,7700.0,2015,282000 km,diesel motor,ročni menjalnik,"1995 ccm, 110 kW / 150 KM",,
22774349,BMW serija 3: 320d AUT. M Sport-GRETJE-AMBI-F1-NAVI,24990.0,2021,140000 km,diesel motor,avtomatski menjalnik,"1995 ccm, 140 kW / 190 KM",,
22774319,BMW i3 120Ah  Avt.,16500.0,2019,220000 km,elektro pogon,,125 kW,"42,2 kWh",
22040796,BMW serija 5 Touring: 520dA xDrive M SPORT|LED|ACC|HUD|ICONIC|PANO|K360°,52990.0,2025,40000 km,diesel motor,avtomatski menjalnik,"1995 ccm, 145 kW / 197 KM",,
22774291,BMW serija 4 Coupe: 428i xDrive LUXURY|STR OKNO|TEMPOMAT|USNJE|1.LASTN,15990.0,2014,166850 km,bencinski motor,avtomatski menjalnik,"1997 ccm, 180 kW / 245 KM",,
22774290,BMW serija 5 Touring: 520d -ACC-HeadUp-360-Led-Odličen-...,15500.0,2017,253550 km,diesel motor,avtomatski menjalnik,"1995 ccm, 140 kW / 190 KM",,
22774286,BMW serija 2 Gran Tourer: 216i Gran Tourer Sport Line|TEMP|KAMERA|1.LAST,9980.0,2019,159800 km,bencinski motor,ročni menjalnik,"1499 ccm, 80 kW / 109 KM",,
22774224,BMW M4 Competiton  Akrapovič,56500.0,2019,85000 km,bencinski motor,avtomatski menjalnik,"2979 ccm, 379 kW / 515 KM",,
22774217,BMW serija 1: M135i xDrive Avt. POLOG 3300...,34999.0,2020,99930 km,bencinski motor,avtomatski menjalnik,"1998 ccm, 225 kW / 306 KM",,
22774208,BMW serija 1: 116d NA KREDIT BREZ POLOGA,9999.0,2016,240045 km,diesel motor,ročni menjalnik,"1496 ccm, 85 kW / 116 KM",,
22774206,BMW serija X3: xDrive20i,12990.0,2012,207000 km,bencinski motor,avtomatski menjalnik,"1997 ccm, 135 kW / 184 KM",,
22774196,BMW serija X4: X4 3.0D X-DRIVE M-SPORT PAN. HEAD-EL. NAP. ALU 21,37999.0,2020,170040 km,diesel motor,avtomatski menjalnik,"2993 ccm, 195 kW / 265 KM",,
22774184,BMW serija 4 Gran Coupe: 440i Gran Coupe M Sport Avt. RWD,37888.0,2020,102201 km,bencinski motor,avtomatski menjalnik,"2998 ccm, 240 kW / 326 KM",,
22774138,BMW serija X5: xDrive40d Avt.,25000.0,2018,216462 km,diesel motor,avtomatski menjalnik,"2993 ccm, 230 kW / 313 KM",,
22774069,BMW serija 3 Touring: 318d Touring,2850.0,2008,300000 km,diesel motor,ročni menjalnik,"1995 ccm, 105 kW / 143 KM",,
22774049,BMW serija 4 Gran Coupe: 440i xDrive Gran Coupe M Sport Avt.,25499.0,2018,199000 km,bencinski motor,avtomatski menjalnik,"2998 ccm, 240 kW / 326 KM",,
22774030,BMW serija 3 Coupe: 330i,13990.0,2008,261000 km,bencinski motor,avtomatski menjalnik,"2996 ccm, 200 kW / 272 KM",,
22773985,BMW serija 2 Active Tourer: serija 2  218d Active Tourer M SPORT LASER ACC HAR,26500.0,2022,117000 km,diesel motor,avtomatski menjalnik,"1995 ccm, 110 kW / 150 KM",,
22578860,BMW serija 3 Touring: 320dA xDrive M-PAKET|LED|ACC|KEY|SHADOW|KLJUKA,32990.0,2023,119000 km,diesel motor,avtomatski menjalnik,"1995 ccm, 140 kW / 190 KM",,
22773964,BMW serija 5: 520d M-SPORT POLOG 2400...,24999.0,2019,270800 km,diesel motor,avtomatski menjalnik,"1995 ccm, 140 kW / 190 KM",,
22773951,BMW serija 3: 320d Luxury Line|FULL LED| KEYLESS|MEMORY|USNJE|,16490.0,2018,145000 km,diesel motor,avtomatski menjalnik,"1995 ccm, 140 kW / 190 KM",,
22773912,BMW serija 5: 520d,6500.0,2011,340000 km,diesel motor,avtomatski menjalnik,"1995 ccm, 135 kW / 184 KM",,
22773904,BMW serija 3 Touring: 320i | M Sport Pro | Facelift | Odlično ohranjen,29980.0,2023,130000 km,bencinski motor,avtomatski menjalnik,"1998 ccm, 135 kW / 184 KM",,
22773898,BMW serija 5: 530d,2300.0,2003,420000 km,diesel motor,avtomatski menjalnik,"2993 ccm, 160 kW / 218 KM",,
22773854,BMW serija X5: M50d Avt.,23990.0,2016,322000 km,diesel motor,avtomatski menjalnik,"2993 ccm, 280 kW / 381 KM",,
22773837,BMW serija 2 Active Tourer: 218d AU TOMATIK Active Tourer Navi pdc ,7990.0,2015,200000 km,diesel motor,avtomatski menjalnik,"1995 ccm, 110 kW / 150 KM",,
22763450,BMW serija X5: xDrive 30d - M SPORT - 21 COL - VRHUNSKO STANJE,25990.0,2016,193850 km,diesel motor,avtomatski menjalnik,"2993 ccm, 190 kW / 258 KM",,
22773771,BMW serija X3: 2.0d usnje. navi. tempomat...,2900.0,2005,257000 km,diesel motor,ročni menjalnik,"1995 ccm, 110 kW / 150 KM",,
22773746,BMW serija 4 Coupe: 420d xDrive Coupe  M paket  Šibedah,15990.0,2015,190000 km,diesel motor,avtomatski menjalnik,"1995 ccm, 140 kW / 190 KM",,
22784167,BMW XM 50e xDrive Avt.,139000.0,2026,6000 km,hibridni pogon,avtomatski menjalnik,"2998 ccm, 350 kW / 476 KM",,
22722313,BMW XM 50e xDrive Avt. - NA ZALOGI,154725.0,,,hibridni pogon,avtomatski menjalnik,"2998 ccm, 350 kW / 476 KM",,NOVO
22732794,BMW serija X7: X7 xDrive40d Avt. Mpaket - NA ZALOGI,157234.0,,,diesel motor,avtomatski menjalnik,"2993 ccm, 259 kW / 352 KM",,NOVO
22764987,BMW serija X7: X7 xDrive40d Avt. M sport PRO - NA ZALOGI,155226.0,,,diesel motor,avtomatski menjalnik,"2993 ccm, 259 kW / 352 KM",,NOVO
22763534,BMW serija X7: X7 xDrive40d Avt.,154910.0,,,diesel motor,avtomatski menjalnik,"2993 ccm, 259 kW / 352 KM",,NOVO
22721188,BMW XM 50e xDrive | ZALOGA | ,148596.0,,,hibridni pogon,avtomatski menjalnik,"2998 ccm, 350 kW / 476 KM",,NOVO
22765021,BMW serija X7: X7 xDrive40d Avt. M Sport PRO - NA ZALOGI,152530.0,,,diesel motor,avtomatski menjalnik,"2993 ccm, 259 kW / 352 KM",,NOVO
22727741,BMW M5 BMW M5 TOURING G99 | COMFORT | B W | PANORAMA,131000.0,,,hibridni pogon,avtomatski menjalnik,"4395 ccm, 534 kW / 726 KM",,NOVO
20301374,BMW M3 CS xDrive V FOLIJI KOT NOV,168115.0,2024,6000 km,bencinski motor,avtomatski menjalnik,"2993 ccm, 390 kW / 530 KM",,
22544139,BMW M5 INDIVIDUAL-727KM-BOWERS-HLAJ-SED-LASER-KER-ZAVORE,129995.0,2025,17934 km,bencinski motor,avtomatski menjalnik,"4395 ccm, 535 kW / 727 KM",,
22381320,BMW XM xDrive Avt. SLO 1 Lastnik ,129900.0,2024,18600 km,hibridni pogon,avtomatski menjalnik,"4395 ccm, 480 kW / 653 KM",,
22577784,BMW M5 INDIVIDUAL-730KM-BOWERS-HLAJ-SED-LASER-ACC-HEAD-21,138890.0,2025,7980 km,hibridni pogon,avtomatski menjalnik,"4395 ccm, 430 kW / 585 KM",,
20437830,BMW M3 CS xDrive Limited Edition,129789.0,2023,2040 km,bencinski motor,avtomatski menjalnik,"2993 ccm, 405 kW / 551 KM",,
22608148,BMW serija X5: 40i xDrive G65 - dobava 2026,129654.0,,,bencinski motor,avtomatski menjalnik,"2998 ccm, 294 kW / 400 KM",,NOVO
22743886,BMW XM 50e xDrive Avt.,144955.0,,,hibridni pogon,avtomatski menjalnik,"2998 ccm, 350 kW / 476 KM",,NOVO
22473900,BMW serija X7: X7 xDrive40d Avt.,129000.0,2025,19581 km,diesel motor,avtomatski menjalnik,"2993 ccm, 250 kW / 340 KM",,
21459398,BMW serija X7: xDrive40d | Individual | Vsa oprema,129000.0,2025,19581 km,diesel motor,avtomatski menjalnik,"2993 ccm, 259 kW / 352 KM",,
22608149,BMW serija X5: 40d xDrive G65 - dobava 2026,128722.0,,,diesel motor,avtomatski menjalnik,"2993 ccm, 230 kW / 313 KM",,NOVO
22578791,BMW XM 50e xDrive Avt. na zalogi,148171.0,,,hibridni pogon,avtomatski menjalnik,"2998 ccm, 230 kW / 313 KM",,NOVO
22736809,BMW XM 50e xDrive Avt. NA ZALOGI DOBAVA TAKOJ,145453.0,,,hibridni pogon,avtomatski menjalnik,"2998 ccm, 350 kW / 476 KM",,NOVO
22437363,BMW XM 50e xD - NOVO VOZILO - DOBAVA TAKOJ,146590.0,,,hibridni pogon,avtomatski menjalnik,"2998 ccm, 230 kW / 313 KM",,NOVO
22243007,BMW M5 MAT- keramika,126990.0,2025,25300 km,hibridni pogon,avtomatski menjalnik,"4395 ccm, 535 kW / 727 KM",,
22689248,BMW M5 Touring M Drivers Paket CARBON KAM360 MAX Oprema,124990.0,2025,11400 km,bencinski motor,avtomatski menjalnik,"4395 ccm, 535 kW / 727 KM",,
22599076,BMW serija X7: X7 xDrive40d Avt. M SPORT NA ZALOGI DOBAVA TAKOJ,145261.0,,,diesel motor,avtomatski menjalnik,"2993 ccm, 250 kW / 340 KM",,NOVO
22606176,BMW serija X5: xDrive40 Avt. G65 nov model - sprejemamo naročila,124701.0,,,bencinski motor,avtomatski menjalnik,"2998 ccm, 294 kW / 400 KM",,NOVO
21689294,BMW serija 7: M760e xDrive|Panorama|B W|360|Kuka|,124700.0,2023,38700 km,hibridni pogon,avtomatski menjalnik,"2998 ccm, 420 kW / 571 KM",,
22501585,BMW serija 7: 740i xD - NOV MODEL - SPREJEMAMO NAROČILA,123490.0,,,bencinski motor,avtomatski menjalnik,"2998 ccm, 294 kW / 400 KM",,NOVO
22501811,BMW serija 7: i7 50 xD - NOV MODEL - SPREJEMAMO NAROČILA,122980.0,,,elektro pogon,,335 kW,"112,5 kWh",NOVO
22415729,BMW serija X7: X7 xDrive40d Avt. NA ZALOGI,138585.0,,,diesel motor,avtomatski menjalnik,"2993 ccm, 259 kW / 352 KM",,NOVO
22736049,BMW M2 CS Coupe - NA ZALOGI,121229.0,,,bencinski motor,avtomatski menjalnik,"2993 ccm, 390 kW / 530 KM",,NOVO
21949902,BMW XM 3.0 50e - NAROČILO - POSEBNA AKCIJA,138300.0,,,hibridni pogon,avtomatski menjalnik,"2998 ccm, 350 kW / 476 KM",,NOVO
22757740,BMW M5 xDrive|Pano|Hlaj|Bowers|HUD|ACC|360K|Garancija|,119990.0,2025,11500 km,bencinski motor,avtomatski menjalnik,"4395 ccm, 535 kW / 727 KM",,
22610472,BMW serija X7: X7 xDrive40d | ZALOGA|  DOBAVA TAKOJ,142299.0,,,diesel motor,avtomatski menjalnik,"2993 ccm, 250 kW / 340 KM",,NOVO
22307094,BMW serija X6: X6 M Competition Avt.,119900.0,2024,18986 km,bencinski motor,avtomatski menjalnik,"4395 ccm, 460 kW / 625 KM",,
21825982,BMW serija X7: xDrive40d M  PANORAMA  SLOVENJSKO POREKLO,119000.0,2024,22000 km,diesel motor,avtomatski menjalnik,"2993 ccm, 259 kW / 352 KM",,
21565593,BMW serija X6: xDrive40d TOP OPREMA-ZALOGA,133912.0,,,diesel motor,avtomatski menjalnik,"2993 ccm, 259 kW / 352 KM",,NOVO
22785747,BMW M4 Competition xDrive Coupe Avt. - NA ZALOGI,126999.0,,,bencinski motor,avtomatski menjalnik,"2993 ccm, 390 kW / 530 KM",,NOVO
22710536,BMW M5 xDrive Touring Bowers-Kljuka-Karbon-Panor.,118900.0,2025,19000 km,hibridni pogon,avtomatski menjalnik,"4395 ccm, 535 kW / 727 KM",,
20019402,BMW XM 4.4 SLO 1. LASTNIK,118900.0,2023,45000 km,hibridni pogon,avtomatski menjalnik,"4395 ccm, 480 kW / 653 KM",,
22775519,BMW XM 50e xDrive Avt - KOT NOVO - EL.KLJUKA,118900.0,2025,28000 km,hibridni pogon,avtomatski menjalnik,"2998 ccm, 350 kW / 476 KM",,
22610534,BMW serija X7: X7 xDrive40d | ZALOGA | POSEBNA AKCIJA,139495.0,,,diesel motor,avtomatski menjalnik,"2993 ccm, 250 kW / 340 KM",,NOVO
22608150,BMW serija X5: 40d xDrive G65 - dobava 2026,118643.0,,,diesel motor,avtomatski menjalnik,"2993 ccm, 230 kW / 313 KM",,NOVO
22703925,BMW serija X7: X7 xDrive40d Avt.,139495.0,,,diesel motor,avtomatski menjalnik,"2993 ccm, 259 kW / 352 KM",,NOVO
22724020,BMW M3 xDrive Competition | NA ZALOGI |,124530.0,,,bencinski motor,avtomatski menjalnik,"2993 ccm, 390 kW / 530 KM",,NOVO
21706270,BMW M3 Competition xDrive  AT  NA ZALOGI,127010.0,,,bencinski motor,avtomatski menjalnik,"2993 ccm, 390 kW / 530 KM",,NOVO
22774980,BMW serija 7: 740XD - M PRO - TV - ZRAČNO - B W - MASAŽA ,117990.0,2025,14000 km,diesel motor,avtomatski menjalnik,"2993 ccm, 210 kW / 286 KM",,
22554634,BMW M3 xDrive Competition Avt.,127010.0,,,bencinski motor,avtomatski menjalnik,"2993 ccm, 390 kW / 530 KM",,NOVO
21737561,BMW serija X5: xDrive40d M-Paket V PRIHODU,117697.0,,,diesel motor,avtomatski menjalnik,"2993 ccm, 259 kW / 352 KM",,NOVO
22790615,BMW serija X7: xD40d|M-Pro|IconicG|Pano|Air|HUD|ACC|Harman|Kljuka,94990.0,2025,16000 km,diesel motor,avtomatski menjalnik,"2993 ccm, 259 kW / 352 KM",,
22675676,BMW serija X7: xD40d|M-Pro|SoftC|SkyL|Air|4WS|HUD|ACC|Kljuka|R23|,94990.0,2025,19000 km,diesel motor,avtomatski menjalnik,"2993 ccm, 259 kW / 352 KM",,
22603330,BMW iX xDrive60 zračno Mat črna barva ,128078.0,2026,13500 km,elektro pogon,,400 kW,109 kWh,
22724986,BMW serija X6: xDrive30d Avt. - NA ZALOGI,111625.0,,,diesel motor,avtomatski menjalnik,"2993 ccm, 219 kW / 298 KM",,NOVO
22636800,BMW serija 7: 740d XD M-paket-TV-SKY-KAM360-SOFT…,94900.0,2023,44355 km,diesel motor,avtomatski menjalnik,"2993 ccm, 220 kW / 299 KM",,
22460117,BMW serija 7: 740xd PERLA BELA BARVA ,94500.0,2023,51200 km,diesel motor,avtomatski menjalnik,"2998 ccm, 220 kW / 299 KM",,
22344197,BMW serija X5: xD30d|MPro|SkyL|SoftC|Kljuka|HUD|ACC|360K|Hlaj|,93990.0,2026,4400 km,diesel motor,avtomatski menjalnik,"2993 ccm, 210 kW / 286 KM",,
22007261,BMW serija 5: 550e xDrive  AT  M Sport - na zalogi,107511.0,,,hibridni pogon,avtomatski menjalnik,"2998 ccm, 360 kW / 489 KM",,NOVO
22763250,BMW serija X5: xDrive30d Avt. Mpaket - NA ZALOGI,112576.0,,,diesel motor,avtomatski menjalnik,"2993 ccm, 219 kW / 298 KM",,NOVO
22721064,BMW serija X5: xDrive40d Avt. ZALOGA,117398.0,,,diesel motor,avtomatski menjalnik,"2993 ccm, 259 kW / 352 KM",,NOVO
22063180,BMW serija X5: xDrive30d M SPO ZALOGA-ZRAČNO-RADAR-KAM 360-VLEČNA,109500.0,,,diesel motor,avtomatski menjalnik,"2993 ccm, 219 kW / 298 KM",,NOVO
22781750,BMW XM 4.4 V8 xDrive Iconic-Bowers-360Kamere-Soft-23Alu,93880.0,2023,76861 km,hibridni pogon,avtomatski menjalnik,"4395 ccm, 480 kW / 653 KM",,
22551555,BMW M3 XDRIVE-COMP-AUT-LASER-KARBON-SLO-HARMANN-KAMERA-HU,92990.0,2026,5400 km,bencinski motor,avtomatski menjalnik,"2993 ccm, 390 kW / 530 KM",,
21503019,BMW serija 5 Touring: 540d xDrive TOP OPREMA-ZALOGA,102491.0,,,diesel motor,avtomatski menjalnik,"2993 ccm, 223 kW / 303 KM",,NOVO
19069284,BMW serija X5: xDrive40d+ Laser+ Panorama + Kljuka + HUD,92666.0,2023,25841 km,diesel motor,avtomatski menjalnik,"2993 ccm, 250 kW / 340 KM",,
22761780,BMW M4 BMW M4 M4 COMPETITION-COUPE-LASER-CARBON-M PERFO,92490.0,2023,48000 km,bencinski motor,avtomatski menjalnik,"2993 ccm, 375 kW / 510 KM",,
22715167,BMW M4 M4 COMPETITION-COUPE-LASER-CARBON-M PERFORMANCE-..,92490.0,2023,48000 km,bencinski motor,avtomatski menjalnik,"2993 ccm, 375 kW / 510 KM",,
22142035,BMW serija X5: xD 30d - DOBAVA TAKOJ - POSEBNA AKCIJA,110948.0,,,diesel motor,avtomatski menjalnik,"2993 ccm, 219 kW / 298 KM",,NOVO
20953988,BMW serija X6: M Competition   Akrapovič,92000.0,2020,54647 km,bencinski motor,avtomatski menjalnik,"4395 ccm, 441 kW / 600 KM",,
21522928,BMW serija X5: xDrive50e POSEBNA PONUDBA,109469.0,,,hibridni pogon,avtomatski menjalnik,"2998 ccm, 360 kW / 489 KM",,NOVO
22736079,BMW serija X6: xDrive30d Avt. - SLO - Full option,91880.0,2025,7630 km,diesel motor,avtomatski menjalnik,"2993 ccm, 219 kW / 298 KM",,
22135779,BMW serija X5: xD 30d - DOBAVA TAKOJ - POSEBNA AKCIJA,109513.0,,,diesel motor,avtomatski menjalnik,"2993 ccm, 219 kW / 298 KM",,NOVO
22729852,BMW serija 5: 540d xDrive Avt.,104208.0,,,diesel motor,avtomatski menjalnik,"2993 ccm, 220 kW / 299 KM",,NOVO
22778613,BMW M3 xDrive Competition Avt.-LASER-HLAJ-360-ACC-HK-...,89999.0,2025,13400 km,bencinski motor,avtomatski menjalnik,"2993 ccm, 390 kW / 530 KM",,
22526241,BMW serija X5: M60i-V8-530KM-PANOR-HEAD-HARMAN-KAM360-ACC-22C,89995.0,2025,15037 km,bencinski motor,avtomatski menjalnik,"4395 ccm, 390 kW / 530 KM",,
22578223,BMW serija X5: M60i-V8-530KM-ZRAČNO-PANOR-HLAJ-SED-MASAŽA-SOFT-22,89995.0,2024,30641 km,bencinski motor,avtomatski menjalnik,"4395 ccm, 390 kW / 530 KM",,
22643931,BMW iX xDrive45,107391.0,,,elektro pogon,,300 kW,"94,8 kWh",NOVO
22648833,BMW M3 xDrive Competition Avt. |VIRTUAL|3D-KAM|HL-SED|TOP,89990.0,2025,30321 km,bencinski motor,avtomatski menjalnik,"2993 ccm, 390 kW / 530 KM",,
22277114,BMW serija 5 Touring: 540d xDrive Touring Avt.,102799.0,,,diesel motor,avtomatski menjalnik,"2993 ccm, 210 kW / 286 KM",,NOVO
19213207,BMW serija 8 Gran Coupe: 840d xDrive-COMPETITION-Max oprema-Carbon,89990.0,2023,49600 km,diesel motor,avtomatski menjalnik,"2993 ccm, 250 kW / 340 KM",,
22084094,BMW serija X5: xDrive30d | Na zalogi | Dobava takoj | ,110948.0,,,diesel motor,avtomatski menjalnik,"2993 ccm, 219 kW / 298 KM",,NOVO
22369401,BMW serija X6: X6 xDrive30d- ACC-22C-HK-M PRO- KLJUKA- ZRAČNO ,130013.0,2025,19500 km,diesel motor,avtomatski menjalnik,"2993 ccm, 210 kW / 286 KM",,
22754604,BMW serija X6: xDrive40d - ZRAČNO - SKY PANO - ICONIC - MASAŽA,89990.0,2025,33000 km,diesel motor,avtomatski menjalnik,"2993 ccm, 259 kW / 352 KM",,
21811997,BMW serija X5: xDrive50e M-SPORT PAKET+PANORAMA+HARMAN KARDON...,89980.0,2023,82280 km,hibridni pogon,avtomatski menjalnik,"2998 ccm, 230 kW / 313 KM",,
22530243,BMW iX xDrive45 M Sport Pro - NA ZALOGI,107304.0,,,elektro pogon,,300 kW,"94,8 kWh",NOVO
19610985,BMW M8 xDrive-COMPETITION,89900.0,2021,45000 km,bencinski motor,avtomatski menjalnik,"4395 ccm, 460 kW / 625 KM",,
22554783,BMW serija X5: xDrive30d Avt.  M SPORT,109886.0,,,diesel motor,avtomatski menjalnik,"2993 ccm, 210 kW / 286 KM",,NOVO
22715022,BMW serija X6: xDrive30d Avt.,120577.0,2026,7500 km,diesel motor,avtomatski menjalnik,"2993 ccm, 210 kW / 286 KM",,
22767891,BMW M3 xDrive Competition FULL LED ACC HuD 360 KAMERA A20,89880.0,2025,17000 km,bencinski motor,avtomatski menjalnik,"2993 ccm, 390 kW / 530 KM",,
22359150,BMW iX xD 45 - POSEBNA PONUDBA,107339.0,,,elektro pogon,,300 kW,95 kWh,NOVO
22475227,BMW M4 COMPETITION - COUPE - M PERFORMANCE ,96500.0,2024,50000 km,bencinski motor,avtomatski menjalnik,"2993 ccm, 375 kW / 510 KM",,
22741553,BMW M4 COMPETITION-XD-HLAJ-SED-KAM360-LASER-HEAD-HARMAN,88995.0,2024,39414 km,bencinski motor,avtomatski menjalnik,"2993 ccm, 375 kW / 510 KM",,
21921200,BMW M8 COMP-XD-LASER-HLAJ-SATIN-CRNA-INDIVIDUAL-ACC-KAM36,88990.0,2020,26200 km,bencinski motor,avtomatski menjalnik,"4395 ccm, 460 kW / 625 KM",,
20615302,BMW serija 7: 740d xDrive M Sport HUD SkyLounge Iconic,88900.0,2024,29300 km,diesel motor,avtomatski menjalnik,"2993 ccm, 220 kW / 299 KM",,
22497554,BMW serija X5: X5 xDrive30d Avt.,104423.0,,5 km,diesel motor,avtomatski menjalnik,"2993 ccm, 210 kW / 286 KM",,NOVO
22472731,BMW M4 Competition xDrive- SLO - 1 lastnik - carbon - led,89900.0,2024,49500 km,bencinski motor,avtomatski menjalnik,"2993 ccm, 390 kW / 530 KM",,
22163941,BMW serija X7: xDrive40d-M SPORT-LASER-SKYL-ZRAČNO-MASAŽA-HLAJEN,88888.0,2023,99000 km,diesel motor,avtomatski menjalnik,"2993 ccm, 259 kW / 352 KM",,
22436816,BMW M8 Coupe Competition xDrive - 1 last SLO -,88870.0,2023,24075 km,bencinski motor,avtomatski menjalnik,"4395 ccm, 460 kW / 625 KM",,
22698223,BMW serija X6: 30d-XD-M-PAKET-ZRAČNO-HLAJ-SED-KAM360-ACC-LASER-22,72995.0,2024,78495 km,diesel motor,avtomatski menjalnik,"2993 ccm, 210 kW / 286 KM",,
22712020,BMW serija X5: X5 xDrive30d Avt. FULL LED 360 KAM HEAD UP,74990.0,2024,19000 km,diesel motor,avtomatski menjalnik,"2993 ccm, 210 kW / 286 KM",,
22606540,BMW serija X5: X5 xDrive30d Avt. FULL LED 360 KAM HEAD UP.,74990.0,2024,19000 km,diesel motor,avtomatski menjalnik,"2993 ccm, 210 kW / 286 KM",,
22754294,BMW M3 xDrive Competition - LCI - KOT NOV - GRET. SED...,72950.0,2023,64000 km,bencinski motor,avtomatski menjalnik,"2993 ccm, 375 kW / 510 KM",,
22742222,BMW serija X3: xDrive40d- M performance- MAX oprema- SLO,95927.0,2026,10000 km,diesel motor,avtomatski menjalnik,"2993 ccm, 223 kW / 303 KM",,
22718056,BMW serija X6: xDriveM50i Avt.,72900.0,2023,84000 km,bencinski motor,avtomatski menjalnik,"4395 ccm, 390 kW / 530 KM",,
22741988,BMW serija X3: xDrive20d NA ZALOGI,85173.0,,,diesel motor,avtomatski menjalnik,"1995 ccm, 145 kW / 197 KM",,NOVO
22741852,BMW serija X3: xDrive20d NA ZALOGI,85173.0,,,diesel motor,avtomatski menjalnik,"1995 ccm, 145 kW / 197 KM",,NOVO
22440343,BMW M5 Avt.,72500.0,2021,83000 km,bencinski motor,avtomatski menjalnik,"4395 ccm, 441 kW / 600 KM",,
22525607,BMW serija X3: xDrive20d Avt.,85173.0,,,diesel motor,avtomatski menjalnik,"1995 ccm, 145 kW / 197 KM",,NOVO
21739727,BMW serija X3: 30e xD - DOBAVA TAKOJ - FIX OM 3.99,88111.0,,,hibridni pogon,avtomatski menjalnik,"1998 ccm, 220 kW / 299 KM",,NOVO
22404601,BMW serija X3: X3 xDrive30e Avt.,88166.0,,,hibridni pogon,avtomatski menjalnik,"1998 ccm, 220 kW / 299 KM",,NOVO
22744328,BMW serija X3: xDrive30e NA ZALOGI,86677.0,,,hibridni pogon,avtomatski menjalnik,"1998 ccm, 220 kW / 299 KM",,NOVO
22554738,BMW serija X3: xDrive20d Avt. M SPORT,85121.0,,,diesel motor,avtomatski menjalnik,"1995 ccm, 145 kW / 197 KM",,NOVO
22367148,BMW serija X6: X6 M Avt.,71990.0,2021,64500 km,bencinski motor,avtomatski menjalnik,"4395 ccm, 441 kW / 600 KM",,
22348991,BMW serija X6: X6 M Avt. - PANORAMA-ALU-KAMERA-NAVI.....,71990.0,2021,64500 km,bencinski motor,avtomatski menjalnik,"4395 ccm, 460 kW / 625 KM",,
22399142,BMW serija X3: X3 xDrive20d Avt.,83319.0,,,diesel motor,avtomatski menjalnik,"1995 ccm, 145 kW / 197 KM",,NOVO
22557572,BMW serija X3: xDrive20d Avt. - NA ZALOGI,82390.0,,,diesel motor,avtomatski menjalnik,"1995 ccm, 145 kW / 197 KM",,NOVO
22001045,BMW serija X6: M Competition - 360 - Laser - Panorama - SoftC,,2021,93700 km,bencinski motor,avtomatski menjalnik,"4395 ccm, 460 kW / 625 KM",,
22657884,BMW serija X7: X7 xDrive40d Avt.,71900.0,2023,155502 km,diesel motor,avtomatski menjalnik,"2993 ccm, 259 kW / 352 KM",,
22374723,BMW serija X3: 20 xDrive M Sport Pro ,82902.0,,,bencinski motor,avtomatski menjalnik,"1998 ccm, 153 kW / 208 KM",,NOVO
22785817,BMW M3 xDrive Competition Avt.,,2023,33500 km,bencinski motor,avtomatski menjalnik,"2993 ccm, 375 kW / 510 KM",,
21606311,BMW serija 5: 520d xDrive - DOBAVA TAKOJ,84700.0,,,diesel motor,avtomatski menjalnik,"1995 ccm, 145 kW / 197 KM",,NOVO
22780257,BMW serija X5: xDrive30d Avt.. TOP VOZILO,71500.0,2023,53000 km,diesel motor,avtomatski menjalnik,"2993 ccm, 210 kW / 286 KM",,
22745346,BMW serija X3: xDrive20d NA ZALOGI,83792.0,,,diesel motor,avtomatski menjalnik,"1995 ccm, 145 kW / 197 KM",,NOVO
22385452,BMW serija X3: X3 xDrive20i Avt.,80406.0,,,bencinski motor,avtomatski menjalnik,"1998 ccm, 153 kW / 208 KM",,NOVO
22526935,BMW serija X3: xDrive20d Avt.,83792.0,,,diesel motor,avtomatski menjalnik,"1995 ccm, 145 kW / 197 KM",,NOVO
22769753,BMW M8 Competition xDrive PPF-BOWERS-CERAMIC,70990.0,2020,87846 km,bencinski motor,avtomatski menjalnik,"4395 ccm, 460 kW / 625 KM",,
22135250,BMW serija 5 Touring: 550e xDrive  AT  - tovarniška garancija,70990.0,2025,30000 km,hibridni pogon,avtomatski menjalnik,"2998 ccm, 360 kW / 489 KM",,
22118608,BMW serija X1: X1 M35i xDrive  AT ,78625.0,,,bencinski motor,avtomatski menjalnik,"1998 ccm, 221 kW / 300 KM",,NOVO
22595900,BMW serija X3: xDrive30e  M Sport PRO | Kljuka | Harman | Headup,86677.0,,,hibridni pogon,avtomatski menjalnik,"1998 ccm, 220 kW / 299 KM",,NOVO
22754103,BMW serija X5: xDrive30d Avt.,70990.0,2024,92130 km,diesel motor,avtomatski menjalnik,"2993 ccm, 210 kW / 286 KM",,
21433119,BMW iX3 50 xD - DOMET 805 km - WLTP,70900.0,,,elektro pogon,,345 kW,108 kWh,NOVO
22355413,BMW M4 Competition xDrive Coupé Avt.,70900.0,2021,94000 km,bencinski motor,avtomatski menjalnik,"2993 ccm, 375 kW / 510 KM",,
22776276,BMW serija 5: 520d xDrive Avt. NA ZALOGI,81941.0,,,diesel motor,avtomatski menjalnik,"1995 ccm, 145 kW / 197 KM",,NOVO
22099192,BMW M2 LCI Race track pack. M Drivers pack,70500.0,2025,7500 km,bencinski motor,avtomatski menjalnik,"2998 ccm, 353 kW / 480 KM",,
22266117,BMW i4 M60,92752.0,2026,13500 km,elektro pogon,,442 kW,,
21487525,BMW M3 ROČNI MENJALNIK - SLO - MEMORY - LED - Hi-Fi,69990.0,2021,50000 km,bencinski motor,ročni menjalnik,"2993 ccm, 353 kW / 480 KM",,
22274207,BMW M4 COMPETITION TRACK LASER CARBON 360 HK SHADOW MPERF,69990.0,2022,43000 km,bencinski motor,avtomatski menjalnik,"2993 ccm, 375 kW / 510 KM",,
21734383,BMW M8 xDrive-Carbon-Led-Head-Up-usnje-kamera-alu20c-,69990.0,2020,138650 km,bencinski motor,avtomatski menjalnik,"4395 ccm, 441 kW / 600 KM",,
22762791,BMW serija 5: 40d|xDrive|M-Pro|Pano|4WS|Bowers|HUD|Hlaj|ACC|36,69990.0,2025,39400 km,diesel motor,avtomatski menjalnik,"2993 ccm, 223 kW / 303 KM",,
22374626,BMW serija X3: 20 xDrive M Sport Pro ,80935.0,,,bencinski motor,avtomatski menjalnik,"1998 ccm, 153 kW / 208 KM",,NOVO
22768412,BMW serija X3: M50 xDrive Avt. M SPORT PACKAGE PRO,69990.0,2025,11027 km,bencinski motor,avtomatski menjalnik,"2998 ccm, 293 kW / 398 KM",,
22399323,BMW serija X3: X3 xDrive20d M Sport ZALOGA,81009.0,,,diesel motor,avtomatski menjalnik,"1995 ccm, 145 kW / 197 KM",,NOVO
22387605,BMW serija X3: X3 xDrive20i M Sport,78417.0,,,bencinski motor,avtomatski menjalnik,"1998 ccm, 153 kW / 208 KM",,NOVO
22788959,BMW serija X3: xDrive40d|MSPro+Panorama+Webasto+Kljuka+Harman+HUD,69990.0,2026,6500 km,diesel motor,avtomatski menjalnik,"2993 ccm, 223 kW / 303 KM",,
22498576,BMW serija X3: X3 xDrive20d Avt.,74121.0,,,diesel motor,avtomatski menjalnik,"1995 ccm, 145 kW / 197 KM",,NOVO
22556399,BMW iX3 40 sDrive,62400.0,,,elektro pogon,,235 kW,"82,6 kWh",NOVO
22295223,BMW iX3 40 sDrive - SPREJEMAMO NAROČILA,62400.0,,,elektro pogon,,235 kW,"82,6 kWh",NOVO
22296489,BMW iX3 40 sDrive sprejemamo naročila,62400.0,,,elektro pogon,,250 kW,"82,6 kWh",NOVO
22295985,BMW iX3 40 sDrive SPREJEMAMO NAROČILA,62400.0,,,elektro pogon,,235 kW,"82,6 kWh",NOVO
19469596,BMW serija 5: 520d M Sport AKCIJA NAROČILO,71201.0,,,diesel motor,avtomatski menjalnik,"1995 ccm, 145 kW / 197 KM",,NOVO
21065467,BMW serija 2 Gran Coupe: M 235i xDrive - NOV MODEL - DOBAVA TAKOJ,69065.0,,,bencinski motor,avtomatski menjalnik,"1998 ccm, 221 kW / 300 KM",,NOVO
21758156,BMW serija X6: xDrive30d M-OPTIK.BLACK EDITION.MAX OPREMA,62000.0,2020,86600 km,diesel motor,avtomatski menjalnik,"2993 ccm, 210 kW / 286 KM",,
22764750,BMW serija 5: 520i Avt. M-SPORT SAMO 20.000km,61999.0,2025,20000 km,bencinski motor,avtomatski menjalnik,"1998 ccm, 153 kW / 208 KM",,
22232344,BMW serija X3: X3 20d xDrive M SPORT ,72011.0,,,diesel motor,avtomatski menjalnik,"1995 ccm, 145 kW / 197 KM",,NOVO
19266438,BMW serija X6: M50d,61999.0,2020,135000 km,diesel motor,avtomatski menjalnik,"2993 ccm, 294 kW / 400 KM",,
21483617,BMW M5 4.4 V8   Stage1 ,61995.0,2018,102150 km,bencinski motor,avtomatski menjalnik,"4395 ccm, 441 kW / 600 KM",,
22209391,BMW serija 3 Touring: M340i xDrive  AT ACC-VIRTUAL-360-PANORAMA,61990.0,2025,12000 km,bencinski motor,avtomatski menjalnik,"2998 ccm, 275 kW / 374 KM",,
22782048,BMW serija 3 Touring: M340i xDrive|Pano|Adaptive|360kam|NOV MODEL LCI II,61990.0,2025,8700 km,bencinski motor,avtomatski menjalnik,"2998 ccm, 275 kW / 374 KM",,
22704698,BMW serija 5: 520xd M PAKET - ACC - SLO,61990.0,2025,25478 km,diesel motor,avtomatski menjalnik,"1995 ccm, 145 kW / 197 KM",,
21972133,BMW serija X5: xDrive30d-M PAKET-22COL-HEADUP-KAMERA360-NAVI-AC,61950.0,2023,145000 km,diesel motor,avtomatski menjalnik,"2993 ccm, 219 kW / 298 KM",,
22353738,BMW serija X3: X3 20d xDrive ZALOGA,74191.0,,,diesel motor,avtomatski menjalnik,"1995 ccm, 145 kW / 197 KM",,NOVO
22762801,BMW serija 5 Touring: 520d xDrive Avt.BOWERS-360-KLJUKA-M PRO-TOP OPREMA,92775.0,2025,30000 km,diesel motor,avtomatski menjalnik,"1995 ccm, 145 kW / 197 KM",,
21335295,BMW serija 5: 520d M-Paket AKCIJSKI NAROČILO,72003.0,,,diesel motor,avtomatski menjalnik,"1995 ccm, 145 kW / 197 KM",,NOVO
21503038,BMW serija X3: X3 20d xDrive M Sport - AKCIJA ,71242.0,,,diesel motor,avtomatski menjalnik,"1995 ccm, 145 kW / 197 KM",,NOVO
18770440,BMW serija X1: M35i xD - SPREJEMAMO NAROČILA,68700.0,,,bencinski motor,avtomatski menjalnik,"1998 ccm, 221 kW / 300 KM",,NOVO
21482666,BMW Z4 M 40i,61800.0,2024,1480 km,bencinski motor,avtomatski menjalnik,"2998 ccm, 250 kW / 340 KM",,
22499655,BMW serija 3 Touring: 320d Touring Avt DOBAVA TAKOJ,72159.0,,,diesel motor,avtomatski menjalnik,"1995 ccm, 140 kW / 190 KM",,NOVO
22554569,BMW serija 3: 320d Avt. Touring,72195.0,,,diesel motor,avtomatski menjalnik,"1995 ccm, 140 kW / 190 KM",,NOVO
20302456,BMW serija X3: 30e xDrive AKCIJA SPREJEMAMO NAROČILA,70530.0,,,hibridni pogon,avtomatski menjalnik,"1998 ccm, 220 kW / 299 KM",,NOVO
21998366,BMW serija X3: 20d xDrive M SPORT AKCIJSKI MODEL,70653.0,,,diesel motor,avtomatski menjalnik,"1995 ccm, 145 kW / 197 KM",,NOVO
19738798,BMW serija X3: X3 xDrive20d  MSPORT,61490.0,,,diesel motor,avtomatski menjalnik,"1995 ccm, 145 kW / 197 KM",,NOVO
22574335,BMW serija X3: xDrive20d Avt. - NA ZALOGI,71052.0,,,diesel motor,avtomatski menjalnik,"1995 ccm, 145 kW / 197 KM",,NOVO
22556815,BMW serija X3: xDrive20d Avt. M SPORT AKCIJSKI MODEL,70653.0,,,diesel motor,avtomatski menjalnik,"1995 ccm, 145 kW / 197 KM",,NOVO
22707962,BMW M5 Competition,61000.0,2021,78928 km,bencinski motor,avtomatski menjalnik,"4395 ccm, 460 kW / 625 KM",,
22482326,BMW M2 Live COCKPIT HEADup HARMAN KARDON KAMERA ALU 20col,62999.0,2023,15400 km,bencinski motor,ročni menjalnik,"2993 ccm, 338 kW / 460 KM",,
21455180,BMW M2 1.lastnik-HARMAN-KAMERA-ACC-GRETJE SEDEZEV…,62990.0,2024,24800 km,bencinski motor,avtomatski menjalnik,"2993 ccm, 338 kW / 460 KM",,
21396417,BMW serija X3: X3 30e xDrive  ,70530.0,,,hibridni pogon,avtomatski menjalnik,"1998 ccm, 220 kW / 299 KM",,NOVO
22069325,BMW serija X6: M50d |Laser|Panorama|Harman|Kljuka|HUD|ACC|360,60990.0,2020,104000 km,diesel motor,avtomatski menjalnik,"2993 ccm, 294 kW / 400 KM",,
21338302,BMW serija 5 Touring: 520i M-Paket AKCIJSKI NAROČILO,70679.0,,,bencinski motor,avtomatski menjalnik,"1998 ccm, 153 kW / 208 KM",,NOVO
21898095,BMW serija 5: 520i  AT  M Sport,60900.0,,,bencinski motor,avtomatski menjalnik,"1998 ccm, 153 kW / 208 KM",,NOVO
22001173,BMW serija X3: 20 xDrive M SPORT AKCIJSKI MODEL,69453.0,,,bencinski motor,avtomatski menjalnik,"1998 ccm, 153 kW / 208 KM",,NOVO
21311140,BMW serija X3: BMW X3 20 xDrive M SPORT,60490.0,,,bencinski motor,avtomatski menjalnik,"1998 ccm, 153 kW / 208 KM",,NOVO
22556799,BMW serija X3: xDrive20i Avt. M SPORT AKCIJSKI MODEL,69453.0,,,bencinski motor,avtomatski menjalnik,"1998 ccm, 140 kW / 190 KM",,NOVO
22628124,BMW iX1 xDrive30 M SPORT ZALOGA,67411.0,,,elektro pogon,,230 kW,65 kWh,NOVO
20567741,BMW serija 3 Touring: M340d xDrive TOP OPREMA,90326.0,2024,20000 km,diesel motor,avtomatski menjalnik,"2993 ccm, 250 kW / 340 KM",,
19287301,BMW serija 5 Touring: 520d NOV MODEL,72732.0,,,diesel motor,avtomatski menjalnik,"1995 ccm, 140 kW / 190 KM",,NOVO
22694204,BMW serija 5: 520d Avt.MSport Pro-20COL-ICONIC-KAM360-HARMAN-HUD,59999.0,2025,31356 km,diesel motor,avtomatski menjalnik,"1995 ccm, 145 kW / 197 KM",,
18484814,BMW serija 5: 520d Limuzina M SPORT,59999.0,,,diesel motor,avtomatski menjalnik,"1995 ccm, 145 kW / 197 KM",,NOVO
22621840,BMW serija 7: 740d xDrive Avt.-STR.OKNO-SOFT CLOSE-LASER-ZRAČNO,59999.0,2021,37709 km,diesel motor,avtomatski menjalnik,"2993 ccm, 250 kW / 340 KM",,
22713248,BMW serija X3: X3 30e xDrive  AT -HARMAN-PANORAMA-KAM360-20COL...,59999.0,2025,1300 km,hibridni pogon,avtomatski menjalnik,"1998 ccm, 220 kW / 299 KM",,
22557890,BMW serija X3: xDrive20d Avt. M-SPORT +ICONIC+HARMAN...,59999.0,2025,16000 km,diesel motor,avtomatski menjalnik,"1995 ccm, 145 kW / 197 KM",,
22777511,BMW serija X6: xDrive30d -M PAKET-CRYSTAL-RADAR-VIRTUAL-LASER,59999.0,2022,40442 km,diesel motor,avtomatski menjalnik,"2993 ccm, 210 kW / 286 KM",,
22790459,Mercedes-Benz S-Razred S 350 PANO - 21 COL - AMBIENT - 4 x EL. SEDEŽI ,22990.0,2014,195890 km,diesel motor,avtomatski menjalnik,"2987 ccm, 190 kW / 258 KM",,
22790454,Mercedes-Benz GLE-Razred 350d|4Matic|AMG|SoftC|Pano|Masaža|Hlaj|360K|Klju..,50990.0,2019,99800 km,diesel motor,avtomatski menjalnik,"2925 ccm, 200 kW / 272 KM",,
22790445,Mercedes-Benz C-Razred C Coupe 180 AMG Line+PANO+samo 107000km,21990.0,2016,107000 km,bencinski motor,avtomatski menjalnik,"1595 ccm, 115 kW / 156 KM",,
22639994,Mercedes-Benz B-Razred B 180 d Progressive Avt.||SLO POREKLO||SAMO 48K|F1,20990.0,2021,48220 km,diesel motor,avtomatski menjalnik,"1950 ccm, 85 kW / 116 KM",,
22790406,Mercedes-Benz GLA-Razred 180 d Progressive Avt. |360Kamera|LineAss|Gretje|.,33990.0,2024,12000 km,diesel motor,avtomatski menjalnik,"1950 ccm, 85 kW / 116 KM",,
22790390,Mercedes-Benz CLS-Razred AMG 53 4MATIC+ |Zračno|360K|Kljuka|Burm|Memory|R..,67990.0,2022,65000 km,bencinski motor,avtomatski menjalnik,"2999 ccm, 320 kW / 435 KM",,
22790354,Mercedes-Benz GLE coupe AMG GLE 53 4Matic+|Pano|ACC|HUD|Hlaj|360K|Kljuka|.,74990.0,2020,55900 km,bencinski motor,avtomatski menjalnik,"2999 ccm, 320 kW / 435 KM",,
22790324,Mercedes-Benz A-Razred A 200 AMG 64.500km SLO PANO ALKANT VIRTUAL KOT NOV,,2019,64500 km,bencinski motor,avtomatski menjalnik,"1332 ccm, 120 kW / 163 KM",,
22790323,Mercedes-Benz GLK-Razred GLK 220 CDI 4MATIC Avt. AMG Premium,11990.0,2013,206000 km,diesel motor,avtomatski menjalnik,"2143 ccm, 125 kW / 170 KM",,
22790309,Mercedes-Benz GLS-Razred 450d|4M|AMG|Pano|Zračno|HUD|ACC|Kljuka|Webasto|3,114990.0,2025,17000 km,diesel motor,avtomatski menjalnik,"2989 ccm, 270 kW / 367 KM",,
22790305,Mercedes-Benz C-Razred C 180 AMG Line Avt.+KAMERA+KLJUKA,31490.0,2021,111447 km,bencinski motor,avtomatski menjalnik,"1496 ccm, 125 kW / 170 KM",,
22790280,Mercedes-Benz E-Razred E220d 4MATIC AMG Avt.-KEYLESS-WIDESCREEN-MULTIBEAM,29900.0,2020,220860 km,diesel motor,avtomatski menjalnik,"1950 ccm, 143 kW / 194 KM",,
22790231,Mercedes-Benz V-Razred V 300 d 4MATIC AMG LINIJA DOLGI AUT 8X SEDEŽ,,2025,16905 km,diesel motor,avtomatski menjalnik,"1950 ccm, 174 kW / 237 KM",,
22790139,Mercedes-Benz GLE-Razred GLE 300 d 4MATIC Avt+180KW+F1+MAX OPREMA+64 469KM,52750.0,2019,64469 km,diesel motor,avtomatski menjalnik,"1993 ccm, 180 kW / 245 KM",,
22790137,Mercedes-Benz GLB-Razred GLB 220 d 8G DCT+LED+DISTRONIC+KAMERA+MEMORY,28970.0,2021,101539 km,diesel motor,avtomatski menjalnik,"1950 ccm, 140 kW / 190 KM",,
22595238,Mercedes-Benz GLA-Razred 200 CDI SLO.POREKLO-LED-XENON-ŠPORTNI SEDEŽI-TOP,11790.0,2015,207300 km,diesel motor,avtomatski menjalnik,"2143 ccm, 100 kW / 136 KM",,
22205435,Mercedes-Benz E-Razred 200 1.LASTNIK-96.000km-MASAŽA-AMBIENT-KAMERE-LED,23890.0,2016,96500 km,bencinski motor,avtomatski menjalnik,"1991 ccm, 135 kW / 184 KM",,
22790095,Mercedes-Benz C-Razred 200D-AUT-AMG-LINE-PANOR-KAMERA-BIXENON-LED-MRTVI..,15850.0,2018,205000 km,diesel motor,avtomatski menjalnik,"2143 ccm, 100 kW / 136 KM",,
22790049,Mercedes-Benz V-Razred V 300 d 4MATIC AMG LINE dolgi AUT 7 SED TOP OPREMA,,2025,5002 km,diesel motor,avtomatski menjalnik,"1950 ccm, 174 kW / 237 KM",,
22790019,Mercedes-Benz V-Razred V 220 d Avantgarde dolgi,33950.0,2018,239500 km,diesel motor,avtomatski menjalnik,"2143 ccm, 120 kW / 163 KM",,
22721461,Mercedes-Benz CLA Shooting Brake 220 d4MATIC AMG Line Avt.|Pano|Gr.sed|- V PRIPRAVI,,2021,110746 km,diesel motor,avtomatski menjalnik,"1950 ccm, 140 kW / 190 KM",,
22752938,Mercedes-Benz C-Razred 220d T Avt.|HUD|Koti|ACC|Memory| + 5 LET JAMSTVA,,2023,123953 km,diesel motor,avtomatski menjalnik,"1993 ccm, 147 kW / 200 KM",,
22734406,Mercedes-Benz GLC-Razred 300de 4MATIC Avt.|Koti|ACC|Gr.Sed|+5 LET JAMSTVA,,2021,140857 km,hibridni pogon,avtomatski menjalnik,"1950 ccm, 225 kW / 306 KM",,
22734326,Mercedes-Benz A-Razred 200 AMG Line Avt.|Kamera|Lane| + 5 LET JAMSTVA,,2023,12296 km,bencinski motor,avtomatski menjalnik,"1332 ccm, 120 kW / 163 KM",,
22733928,Mercedes-Benz CLA-Razred 200 Coupe Aut.|Kamera|Lane| + 5 LET JAMSTVA,,2023,70530 km,bencinski motor,avtomatski menjalnik,"1332 ccm, 120 kW / 163 KM",,
22733185,Mercedes-Benz GLC-Razred 300e 4MATIC Avantgarde Avt.|Memory|ACC|+5LET JAMST,,2023,117556 km,hibridni pogon,avtomatski menjalnik,"1999 ccm, 230 kW / 313 KM",,
22732980,Mercedes-Benz A-Razred 180 Aut. Style line|Kamera|Lane| + 5 LET JAMSTVA,,2022,95125 km,bencinski motor,avtomatski menjalnik,"1332 ccm, 100 kW / 136 KM",,
22732778,Mercedes-Benz CLA Shooting Brake 250e Shooting Brake Avt. |LANE|DAB|NAVI|KAMERA,,2022,125649 km,hibridni pogon,avtomatski menjalnik,"1332 ccm, 160 kW / 218 KM",,
22730740,Mercedes-Benz GLB-Razred 200d 4MATIC AMG Line Avt.|Multibeam|Burmester,,2024,56343 km,diesel motor,avtomatski menjalnik,"1950 ccm, 110 kW / 150 KM",,
22789939,Mercedes-Benz C-Razred C 220 d • AMG • Led • 360 Kam • Acc ,33900.0,2022,79000 km,diesel motor,avtomatski menjalnik,"1993 ccm, 147 kW / 200 KM",,
22789905,Mercedes-Benz CLA Shooting Brake CLA 220 d Shooting Brake AMG Line Avt.,19900.0,2017,130000 km,diesel motor,avtomatski menjalnik,"2143 ccm, 130 kW / 177 KM",,
22789850,Mercedes-Benz GLB-Razred GLB 180D AVT. LED-VIRTUAL-KAMERA-NAVI-ALU,23950.0,2021,138598 km,diesel motor,avtomatski menjalnik,"1950 ccm, 85 kW / 116 KM",,
22789833,Mercedes-Benz C-Razred C 220 BlueTEC T Avantgarde,12900.0,2015,205521 km,diesel motor,avtomatski menjalnik,"2143 ccm, 125 kW / 170 KM",,
22789823,Mercedes-Benz GLC-Razred GLC 220 d 4MATIC-MULTIBEAM . WEBASTO. MRTVI KOT,30790.0,2019,106523 km,diesel motor,avtomatski menjalnik,"1950 ccm, 143 kW / 194 KM",,
22789822,Mercedes-Benz V-Razred 250d AMG line dolgi Avt. 360| ELvrata| HLADILNIK,39990.0,2018,177000 km,diesel motor,avtomatski menjalnik,"2143 ccm, 140 kW / 190 KM",,
22789819,Mercedes-Benz A-Razred A Limuzina 180 d AMG Line Avt. LED NAVI BE,19990.0,2019,149166 km,diesel motor,avtomatski menjalnik,"1461 ccm, 85 kW / 116 KM",,
22789817,Mercedes-Benz CLA-Razred CLA 200 AMG Line,25000.0,2023,69000 km,bencinski motor,avtomatski menjalnik,"1332 ccm, 120 kW / 163 KM",,
22684474,Mercedes-Benz GLE-Razred 300D•AMG•PANO•sRAČNO•ACC•20COL•AMBI•KLJUKA,44490.0,2019,135609 km,diesel motor,avtomatski menjalnik,"1950 ccm, 180 kW / 245 KM",,
22789781,Mercedes-Benz C-Razred C 220D-125KW-AUT-9G-4MATIC-MRTVI KOTI-GR.SED-,11945.0,2016,237852 km,diesel motor,avtomatski menjalnik,"2143 ccm, 125 kW / 170 KM",,
22789762,Mercedes-Benz GLE-Razred 300d-4MATIC-AMG-ZRAČNO-PAN-HLAJENJE-SED-KAM-360-,40650.0,2021,190700 km,diesel motor,avtomatski menjalnik,"1950 ccm, 180 kW / 245 KM",,
22789761,Mercedes-Benz B-Razred B 200 d DCT KAMERA -AUTOMATIK,18900.0,2021,164350 km,diesel motor,avtomatski menjalnik,"1950 ccm, 110 kW / 150 KM",,
22789729,Mercedes-Benz A-Razred A 200 d AMG Line+LED+18 COL+NAVI+KAMERA+ODLIČEN,,2016,210000 km,diesel motor,ročni menjalnik,"2143 ccm, 100 kW / 136 KM",,
22789695,Mercedes-Benz X-Razred 350D 4-MATIC+360°+ROLO+KLJUKA+KEYLESS GO+NAVI,39990.0,2020,133000 km,diesel motor,avtomatski menjalnik,"2987 ccm, 190 kW / 258 KM",,
22789694,Mercedes-Benz GLC coupe GLC 200d AMG Line+SAMO 50.000KM+19 COL+LED+NAVI,,2021,50000 km,diesel motor,avtomatski menjalnik,"1950 ccm, 120 kW / 163 KM",,
22789692,Mercedes-Benz GLE-Razred GLE 400 d 4MATIC AMG Line+ZRAČNO+PANO+DISTRONIC,50990.0,2019,145000 km,diesel motor,avtomatski menjalnik,"2925 ccm, 243 kW / 330 KM",,
22789691,Mercedes-Benz GLE coupe GLE 450 d 4MATIC Coupe AMG Line+22COL+ZRAČNO+PANO,91990.0,2025,25000 km,diesel motor,avtomatski menjalnik,"2989 ccm, 270 kW / 367 KM",,
22789677,Mercedes-Benz C-Razred C 220 d AMG Line Avt. ACC-VIRTUAL-LED-GRETJE S,28790.0,2022,129782 km,diesel motor,avtomatski menjalnik,"1993 ccm, 147 kW / 200 KM",,
22789635,Mercedes-Benz E-Razred E 220 BlueTEC T Avantgarde,11450.0,2015,242700 km,diesel motor,avtomatski menjalnik,"2143 ccm, 125 kW / 170 KM",,
22768625,Mercedes-Benz AMG GT 4-vratni Coupe 43|MAT|HL-SED|360-KAM|ZVOK|MODE|BURMAISTER|AIR|TOP,52990.0,2020,149297 km,bencinski motor,avtomatski menjalnik,"2999 ccm, 286 kW / 389 KM",,
21764598,Mercedes-Benz C-Razred 200 d AMG Line  TOP CENA,65574.0,,,diesel motor,avtomatski menjalnik,"1993 ccm, 120 kW / 163 KM",,NOVO
22535604,Mercedes-Benz EQE 300 PRO-WLTP DOSEG 660KM-LED-KAM-DAB-NAVI-VIDEO,53990.0,2025,10316 km,elektro pogon,,180 kW,100 kWh,
22612504,Mercedes-Benz E-Razred E200 CABRIO AMG LINE - AVTOMATIK - BURMESTER HI-FI,52990.0,2023,26957 km,bencinski motor,avtomatski menjalnik,"1991 ccm, 145 kW / 197 KM",,
22405181,Mercedes-Benz GLB-Razred GLB 200 Progressive Avt.,60308.0,2026,,bencinski motor,avtomatski menjalnik,"1332 ccm, 120 kW / 163 KM",,
22710919,Mercedes-Benz GLC-Razred 300d 4MATIC |AMG|DIST+|Kljuka|Pano|360|DIGITAL|HUD,52990.0,2024,87600 km,diesel motor,avtomatski menjalnik,"1993 ccm, 215 kW / 292 KM",,
22757665,Mercedes-Benz E-Razred E 220 d T AMG Line Avt.,53988.0,2025,15928 km,diesel motor,avtomatski menjalnik,"1993 ccm, 145 kW / 197 KM",,
22617020,Mercedes-Benz GLC-Razred GLC 220d 4MATIC AMG Line Avt. + Night paket,52900.0,2023,51000 km,diesel motor,avtomatski menjalnik,"1993 ccm, 145 kW / 197 KM",,
22485689,Mercedes-Benz CLA Shooting Brake 200 AMG line,58641.0,2026,1000 km,bencinski motor,avtomatski menjalnik,"1499 ccm, 120 kW / 163 KM",,
22657918,Mercedes-Benz C-Razred C Cabrio 63 S AMG Avt.,52890.0,2017,86000 km,bencinski motor,avtomatski menjalnik,"3982 ccm, 375 kW / 510 KM",,
22527962,Mercedes-Benz GLC-Razred GLC 200 4MATIC HYBRID AMG LiNE FULL LED ACC ALU20,52880.0,2023,32000 km,bencinski motor,avtomatski menjalnik,"1999 ccm, 150 kW / 204 KM",,
22465864,Mercedes-Benz GLC-Razred 220d 4MATIC AMG - Line Avt.  FULL OPREMA,52800.0,2024,73890 km,diesel motor,avtomatski menjalnik,"1993 ccm, 145 kW / 197 KM",,
21390928,Mercedes-Benz GLE-Razred GLE 400 d 4MATIC AMG PANORAMA,52500.0,2020,169800 km,diesel motor,avtomatski menjalnik,"2925 ccm, 243 kW / 330 KM",,
21456446,Mercedes-Benz V-Razred Marco Polo V250D 4MATIC AUT.,52500.0,2018,86500 km,diesel motor,avtomatski menjalnik,"2140 ccm, 142 kW / 193 KM",,
22604992,Mercedes-Benz V-Razred V 250 d,52500.0,2023,86000 km,diesel motor,avtomatski menjalnik,"1950 ccm, 140 kW / 190 KM",,
21457748,Mercedes-Benz V-Razred V 300 d DOLGI. AMG. VLJ. KLUKA.HLJ SEDEŽE.WEBASTO,52500.0,2022,66900 km,diesel motor,avtomatski menjalnik,"1950 ccm, 174 kW / 237 KM",,
21975425,Mercedes-Benz GLE-Razred GLE 350 d 4MATIC • AMG Line •  AIRMATIC • Masaža •,52490.0,2019,78470 km,diesel motor,avtomatski menjalnik,"2925 ccm, 200 kW / 272 KM",,
22775747,Mercedes-Benz CLA-Razred CLA 250+ EQ Tech AMG Line,53488.0,2025,5385 km,elektro pogon,,200 kW,85 kWh,
22455478,Mercedes-Benz GLC-Razred 200 4MATIC |AMG|DIGITAL|Kljuka|HUD|ACC|360|KeyGO,52480.0,2023,44300 km,bencinski motor,avtomatski menjalnik,"1999 ccm, 150 kW / 204 KM",,
22694045,Mercedes-Benz CLA Shooting Brake AMG Line- AKCIJA Night Edition - ZALOGA,60951.0,,,bencinski motor,avtomatski menjalnik,"1499 ccm, 120 kW / 163 KM",,NOVO
21622411,Mercedes-Benz GLE-Razred 350de,52000.0,2021,104800 km,hibridni pogon,avtomatski menjalnik,"2000 ccm, 143 kW / 194 KM",,
22728271,Mercedes-Benz CLA-Razred CLA 200 AMG Line Avt.,51990.0,2026,20 km,bencinski motor,avtomatski menjalnik,"1499 ccm, 120 kW / 163 KM",,
22762123,Mercedes-Benz EQE 300|AMG Line|DigitalL|Kamera|ACC|Kljuka|Memory|...,51990.0,2024,40000 km,elektro pogon,,180 kW,89 kWh,
22753450,Mercedes-Benz V-Razred V 300 d 4MATIC-AMG LINE-EL.VRATA-LONG-ACC-SLO,51990.0,2022,127000 km,diesel motor,avtomatski menjalnik,"1950 ccm, 174 kW / 237 KM",,
22534745,Mercedes-Benz CLA-Razred 220 4matic coupe AMG Edition. DISTRONIC...,52990.0,2025,16579 km,bencinski motor,avtomatski menjalnik,"1991 ccm, 140 kW / 190 KM",,
22524010,Mercedes-Benz CLA-Razred 45 S AMG 4 MATIC AERO PACK,51900.0,2022,65000 km,bencinski motor,avtomatski menjalnik,"1991 ccm, 310 kW / 421 KM",,
22479056,Mercedes-Benz CLE-Razred Coupé 200 AMG Line Avt-PANORAMA-KEYLESS-ACC-KAMERA,51580.0,2023,23229 km,bencinski motor,avtomatski menjalnik,"1999 ccm, 150 kW / 204 KM",,
22740106,Mercedes-Benz GLC-Razred GLC 300d 4MATIC AMG Line Avt.,51500.0,2025,25500 km,diesel motor,avtomatski menjalnik,"1993 ccm, 215 kW / 292 KM",,
21249871,Mercedes-Benz E-Razred E 300 de 4MATIC T - FIX OM - 4.99 ,51490.0,2024,42000 km,diesel motor,avtomatski menjalnik,"1993 ccm, 145 kW / 197 KM",,
22720705,Mercedes-Benz GLA-Razred GLA 200d AMG EDITION Avt.,57423.0,,,diesel motor,avtomatski menjalnik,"1950 ccm, 110 kW / 150 KM",,NOVO
22698887,Mercedes-Benz GLC-Razred GLC 220d 4MATIC AMG Line VSA MOŽNA OPREMA.HLAJ SED,51490.0,2023,62000 km,diesel motor,avtomatski menjalnik,"1993 ccm, 145 kW / 197 KM",,
21427271,Mercedes-Benz GLE-Razred GLE 350 de 4MATIC AMG PANORAMA ZRAČNO VZMETENJE,50999.0,2021,129872 km,hibridni pogon,avtomatski menjalnik,"1950 ccm, 235 kW / 320 KM",,
22757111,Mercedes-Benz E-Razred 300de |4MATIC|AMG Line|ACC|Kamera|Kljuka|Gretje|..,50990.0,2024,44000 km,hibridni pogon,avtomatski menjalnik,"1993 ccm, 230 kW / 313 KM",,
22553571,Mercedes-Benz E-Razred E 220 d 4MATIC Exclusive Avt.,,2023,20190 km,diesel motor,avtomatski menjalnik,"1993 ccm, 147 kW / 200 KM",,
22742402,Mercedes-Benz GLA-Razred GLA 200 AMG EDITION Avt. panorama,55402.0,,,bencinski motor,avtomatski menjalnik,"1332 ccm, 120 kW / 163 KM",,NOVO
22780307,Mercedes-Benz GLC-Razred 200|4Matic|AMG|360K|Memory|ACC|KeyGo|Usnje|Gretje,50990.0,2023,26500 km,bencinski motor,avtomatski menjalnik,"1999 ccm, 150 kW / 204 KM",,
20107382,Mercedes-Benz GLE-Razred GLE 300 d 4MATIC-AMG-HEAD UP-PANORAMA-ZRAČNO-,50900.0,2019,99352 km,diesel motor,avtomatski menjalnik,"1993 ccm, 180 kW / 245 KM",,
21132542,Mercedes-Benz EQE 300,50800.0,2023,19500 km,elektro pogon,,195 kW,96 kWh,
22783236,Mercedes-Benz A-Razred A 45 AMG S 4MATIC+ Avt. - AERO-PERFORMANCE SEAT,50500.0,2021,21900 km,bencinski motor,avtomatski menjalnik,"1991 ccm, 310 kW / 421 KM",,
22743805,Mercedes-Benz GLE-Razred GLE 350 e 4MATIC 3x AMG Line Avt.,50020.0,2021,181000 km,hibridni pogon,avtomatski menjalnik,"1991 ccm, 245 kW / 333 KM",,
22784671,Mercedes-Benz A-Razred A 45S AMG  4MATIC+ •MAT•PANO•VIRTUAL•RECARO•360 KA,50000.0,2021,99027 km,bencinski motor,avtomatski menjalnik,"1991 ccm, 310 kW / 421 KM",,
22725882,Mercedes-Benz CLA-Razred AMG CLA 45 S 4MATIC+,50000.0,2021,57000 km,bencinski motor,avtomatski menjalnik,"1991 ccm, 310 kW / 421 KM",,
22778442,Mercedes-Benz CLE-Razred 200 coupe|AMG line|PANORAMA|NIGHT|MEMORY|,49999.0,2024,23290 km,bencinski motor,avtomatski menjalnik,"1999 ccm, 150 kW / 204 KM",,
22513383,Mercedes-Benz GLC-Razred GLC 300d 4MATIC  Avt.,49999.0,2024,30000 km,diesel motor,avtomatski menjalnik,"1993 ccm, 198 kW / 269 KM",,
22609519,Mercedes-Benz V-Razred V 300d AMG Exclusive dolgi Avt-KAM360-BURMESTER-VK,49999.0,2022,109127 km,diesel motor,avtomatski menjalnik,"1950 ccm, 174 kW / 237 KM",,
22778594,Mercedes-Benz A-Razred AMG A 45 S 4MATIC+ Multibeam|Pano|ACC|Burmester,49990.0,2024,63000 km,bencinski motor,avtomatski menjalnik,"1991 ccm, 310 kW / 421 KM",,
22578113,Mercedes-Benz S-Razred MAYBACH-S680.V12-4M-HLAJ-SOFT-PANO-2X-TV.,238880.0,2023,2980 km,bencinski motor,avtomatski menjalnik,"3982 ccm, 450 kW / 612 KM",,
21081163,Mercedes-Benz S-Razred Mercedes Maybach S 680 4MATIC dolgo med.,150000.0,2024,100000 km,bencinski motor,avtomatski menjalnik,"5980 ccm, 450 kW / 612 KM",,
22778656,Mercedes-Benz S-Razred Mercedes-AMG S 63 4MATIC+ TOP OPREMLJENO,,2018,115478 km,bencinski motor,avtomatski menjalnik,"3982 ccm, 450 kW / 612 KM",,
22642013,Mercedes-Benz S-Razred S 63 AMG 4MATIC+ Avt PANO HEADUP-NIGHTVISION+TOP ,,2018,211600 km,bencinski motor,avtomatski menjalnik,"3982 ccm, 450 kW / 612 KM",,
17121395,Mercedes-Benz S-Razred S 63 AMG 4MATIC+ L,144900.0,2020,62000 km,bencinski motor,avtomatski menjalnik,"3982 ccm, 450 kW / 612 KM",,
22671584,Mercedes-Benz GLE-Razred 53 e 4MATIC PREMIUM PLUS,175000.0,2026,1000 km,hibridni pogon,avtomatski menjalnik,"2999 ccm, 445 kW / 605 KM",,
22602963,Mercedes-Benz GLE-Razred AMG 53 e 4MATIC PREMIUM PLUS,170000.0,2026,4000 km,bencinski motor,avtomatski menjalnik,"2999 ccm, 445 kW / 605 KM",,
22607806,Mercedes-Benz GLE-Razred AMG 53 e 4MATIC PREMIUM PLUS,175000.0,2026,4001 km,hibridni pogon,avtomatski menjalnik,"2999 ccm, 445 kW / 605 KM",,
22061600,Mercedes-Benz G-Razred G63 AMG . CARBON IN-OUT.A22.3XTV.PAKET USNJE,,,,bencinski motor,avtomatski menjalnik,"3982 ccm, 445 kW / 605 KM",,NOVO
22711188,Mercedes-Benz AMG GT 4-vratni Coupe 63 AMG V8 SLOVENSKI 1. LASTNIK,110490.0,2019,32433 km,bencinski motor,avtomatski menjalnik,"3982 ccm, 430 kW / 585 KM",,
22568179,Mercedes-Benz AMG GT 4-vratni Coupe GT63S-BUCKET SEATS-AERO PAKET-ZRACNO-SOFT CLOSE...,89990.0,2018,86848 km,bencinski motor,avtomatski menjalnik,"3982 ccm, 430 kW / 585 KM",,
22102170,Mercedes-Benz AMG GT Coupe 63 4MATIC+.HLAJ SED.PERFORMANCE.CARBON.NIGHT PAK 2,164990.0,2025,5000 km,bencinski motor,avtomatski menjalnik,"3982 ccm, 430 kW / 585 KM",,
21987436,Mercedes-Benz AMG GT Coupe 63-AMG-4M+HLAJ-SED-PANOR-CARBON-BURMESTER-LIFT-21C,189885.0,2025,1048 km,bencinski motor,avtomatski menjalnik,"3982 ccm, 430 kW / 585 KM",,
22785157,Mercedes-Benz AMG GT Coupe Mercedes-AMG GT 63 4MATIC+ | MAX OPREMA,,2024,16195 km,bencinski motor,avtomatski menjalnik,"3982 ccm, 430 kW / 585 KM",,
19688514,Mercedes-Benz AMG GT Coupe Mercedes-AMG GT 63 4MATIC+ VSA DODATNA OPREMA,244244.0,,,bencinski motor,avtomatski menjalnik,"3982 ccm, 430 kW / 585 KM",,NOVO
15926322,Mercedes-Benz CLS Shooting Brake CLS 63 AMG S 4MATIC  Avt.,54899.0,2015,170500 km,bencinski motor,avtomatski menjalnik,"5461 ccm, 430 kW / 585 KM",,
21928407,Mercedes-Benz CLS-Razred Mercedes-AMG CLS 63 S 4MATIC,53500.0,2015,80000 km,bencinski motor,avtomatski menjalnik,"5461 ccm, 430 kW / 585 KM",,
22653377,Mercedes-Benz E-Razred AMG E 53 e 4MATIC+,139076.0,2025,12724 km,hibridni pogon,avtomatski menjalnik,"2999 ccm, 430 kW / 585 KM",,
22766949,Mercedes-Benz E-Razred AMG E 53e T 4MATIC Avt.,83990.0,2025,12216 km,hibridni pogon,avtomatski menjalnik,"2999 ccm, 430 kW / 585 KM",,
22146479,Mercedes-Benz E-Razred Mercedes-AMG E 53 e 4MATIC+ T,166485.0,2024,31700 km,hibridni pogon,avtomatski menjalnik,"2999 ccm, 430 kW / 585 KM",,
16015352,Mercedes-Benz GLE-Razred GLE 63 AMG S 4MATIC Avt.,72504.0,2016,150000 km,bencinski motor,avtomatski menjalnik,"5461 ccm, 430 kW / 585 KM",,
20547654,Mercedes-Benz G-Razred 63 AMG V8 SUPERIOR•HLAJ-SED•KEYLESS•2X-TV•360•22C•,304990.0,,,bencinski motor,avtomatski menjalnik,"3982 ccm, 430 kW / 585 KM",,NOVO
22648357,Mercedes-Benz G-Razred AMG G 63 ,271305.0,,,bencinski motor,avtomatski menjalnik,"3982 ccm, 430 kW / 585 KM",,NOVO
22648500,Mercedes-Benz G-Razred AMG G 63 Avt.,265358.0,,,bencinski motor,avtomatski menjalnik,"3982 ccm, 430 kW / 585 KM",,NOVO
22720128,Mercedes-Benz G-Razred AMG G 63 Avt.,190000.0,2024,79000 km,bencinski motor,avtomatski menjalnik,"3982 ccm, 430 kW / 585 KM",,
22782155,Mercedes-Benz G-Razred AMG G 63 Avt. AMG ACTIVE RIDE CONTROL – MANUFAKTUR,,2026,760 km,bencinski motor,avtomatski menjalnik,"3982 ccm, 430 kW / 585 KM",,
22552521,Mercedes-Benz G-Razred AMG G63 FACELIFT - MANUFAKTUR - CARBON,229990.0,2025,257 km,bencinski motor,avtomatski menjalnik,"3982 ccm, 430 kW / 585 KM",,
22788462,Mercedes-Benz G-Razred G 63 AMG Avt.,121900.0,2019,112964 km,bencinski motor,avtomatski menjalnik,"3982 ccm, 430 kW / 585 KM",,
22452247,Mercedes-Benz G-Razred G 63 AMG-FUL OPREMA-,149999.0,2019,60000 km,bencinski motor,avtomatski menjalnik,"3982 ccm, 430 kW / 585 KM",,
22087042,Mercedes-Benz G-Razred G63 BRABUS LED-KAM360-Panorama-Burmester,128990.0,2019,105111 km,bencinski motor,avtomatski menjalnik,"3982 ccm, 430 kW / 585 KM",,
22005111,Mercedes-Benz G-Razred G63-AMG-HEADUP-VIRTUAL-NAVI-PANO-HLAJ.SED-KLJUKA,155990.0,2020,41000 km,bencinski motor,avtomatski menjalnik,"3982 ccm, 430 kW / 585 KM",,
20630747,Mercedes-Benz G-Razred G63-AMG-MANUFAKTUR-V8-HLAJ-360KAM-PANO-SKY-22C,163990.0,2024,77800 km,bencinski motor,avtomatski menjalnik,"3982 ccm, 430 kW / 585 KM",,
22524904,Mercedes-Benz G-Razred G63-AMG-V8-FACELIFT-INDIVIDUAL-ACC-360KAM-TOV-GAR,239990.0,2025,22350 km,bencinski motor,avtomatski menjalnik,"3982 ccm, 430 kW / 585 KM",,
21987768,Mercedes-Benz G-Razred G63-AMG-V8-FACELIFT-MANUFAKTUR-HLAJ-SED-ACC-22C,227995.0,2025,16332 km,bencinski motor,avtomatski menjalnik,"3982 ccm, 430 kW / 585 KM",,
22446058,Mercedes-Benz G-Razred G63-AMG-V8-FACELIFT-MANUFAKTUR-HLAJ-SED-MASAŽA-22C,239995.0,2026,1919 km,bencinski motor,avtomatski menjalnik,"3982 ccm, 430 kW / 585 KM",,
22741426,Mercedes-Benz G-Razred G63-AMG-V8-FACELIFT-MANUFAKTUR-HLAJ-SED-MASAŽA-22C,269995.0,,,bencinski motor,avtomatski menjalnik,"3982 ccm, 430 kW / 585 KM",,NOVO
22740886,Mercedes-Benz G-Razred G63-AMG-V8-FACELIFT-MANUFAKTUR-MASAŽA-KEYLES-,218950.0,2026,6800 km,bencinski motor,avtomatski menjalnik,"3982 ccm, 430 kW / 585 KM",,
22780631,Mercedes-Benz G-Razred G63-AMG-V8-HLAJ-SED-MASAŽA-PANOR-KAM360-ACC-22,118995.0,2021,140962 km,bencinski motor,avtomatski menjalnik,"3982 ccm, 430 kW / 585 KM",,
21868233,Mercedes-Benz G-Razred MB G63 AMG MY 2026 - MONZA GREY MAGNO - VSA OPREMA,291444.0,,,bencinski motor,avtomatski menjalnik,"3982 ccm, 430 kW / 585 KM",,NOVO
18752251,Mercedes-Benz G-Razred Mercedes-AMG G 63 ,254799.0,,,bencinski motor,avtomatski menjalnik,"3982 ccm, 430 kW / 585 KM",,NOVO
17578979,Mercedes-Benz G-Razred Mercedes-AMG G 63,229900.0,2022,49000 km,bencinski motor,avtomatski menjalnik,"3982 ccm, 430 kW / 585 KM",,
22242511,Mercedes-Benz G-Razred Mercedes-AMG G 63 |FULL|,175000.0,2024,19000 km,bencinski motor,avtomatski menjalnik,"3982 ccm, 430 kW / 585 KM",,
22696033,Mercedes-Benz G-Razred Mercedes-AMG G 63 FACELIFT-MANUFAKTUR-A22-ACC,269000.0,,,bencinski motor,avtomatski menjalnik,"3982 ccm, 430 kW / 585 KM",,NOVO
22237756,Mercedes-Benz G-Razred Mercedes-AMG G 63 MY26-MANUFAKTUR-BURM-PANO-360,279000.0,,,bencinski motor,avtomatski menjalnik,"3982 ccm, 430 kW / 585 KM",,NOVO
22764532,Mercedes-Benz G-Razred SUPERIOR+PERFORM.+NIGHT I+II +ACTIVE RIDE+22col,275397.0,2026,20 km,bencinski motor,avtomatski menjalnik,"3982 ccm, 430 kW / 585 KM",,
22769419,Mercedes-Benz SL-Razred 63 AMG 4M+ DIGITAL-L•AERO•HLAJ-SED•HEAD•KAM360•21C,193000.0,2023,29964 km,bencinski motor,avtomatski menjalnik,"3982 ccm, 430 kW / 585 KM",,
21334609,Mercedes-Benz SL-Razred 63 AMG 4M+ TOVARNIŠKO STANJE ,149950.0,2022,7363 km,bencinski motor,avtomatski menjalnik,"3982 ccm, 430 kW / 585 KM",,
21649254,Mercedes-Benz SL-Razred 63 AMG 4MATIC+ Avt.,177990.0,2024,4014 km,bencinski motor,avtomatski menjalnik,"3982 ccm, 430 kW / 585 KM",,
22785703,Mercedes-Benz A-Razred A220 4MATIC AMG LINE FUL LED NAVI ACC KAMERA USN..,21990.0,2020,145000 km,bencinski motor,avtomatski menjalnik,"1991 ccm, 140 kW / 190 KM",,
22785651,Mercedes-Benz EQS 450+ AMG PANO NAVI HEAD-UP Burmester PRIKLOP 360..,83990.0,2022,33346 km,elektro pogon,,245 kW,107 kWh,
22785615,Mercedes-Benz B-Razred B 200 d Style,13350.0,2017,142200 km,diesel motor,avtomatski menjalnik,"2143 ccm, 100 kW / 136 KM",,
22785601,Mercedes-Benz C-Razred C 250 d T Avantgarde Avt.,14350.0,2018,287000 km,diesel motor,avtomatski menjalnik,"2143 ccm, 150 kW / 204 KM",,
22785588,Mercedes-Benz C-Razred C200d AVANTGARDE|ACC|KAM|NAVI|ADAPTIVE|1.LASTNIK..,31690.0,2025,69820 km,diesel motor,avtomatski menjalnik,"1993 ccm, 120 kW / 163 KM",,
22729837,Mercedes-Benz B-Razred B 180 CDI  NAVI-TEMPOMAT-PDC-ALU-F1-SLO-MENJAVA,7150.0,2013,245000 km,diesel motor,avtomatski menjalnik,"1796 ccm, 80 kW / 109 KM",,
22680999,Mercedes-Benz C-Razred C 180 d AMG Line,11990.0,2016,218620 km,diesel motor,avtomatski menjalnik,"1598 ccm, 85 kW / 116 KM",,
22785547,Mercedes-Benz C-Razred C 220 d AMG Line-VIRTUAL-BURMESTER-C43 LOOK-,23990.0,2018,226000 km,diesel motor,avtomatski menjalnik,"1950 ccm, 143 kW / 194 KM",,
22785523,Mercedes-Benz E-Razred 220D-AMG-LINE-DISTRONIC-MULTIBEAM-DIGITAL-PREMIUM,,2025,14500 km,diesel motor,avtomatski menjalnik,"1993 ccm, 145 kW / 197 KM",,
22785482,Mercedes-Benz E-Razred 220D-AMG-LINE-DISTRONIC-PANORAMA-LED-PREMIUM-TOP,,2025,27250 km,diesel motor,avtomatski menjalnik,"1993 ccm, 145 kW / 197 KM",,
22785446,Mercedes-Benz GLE-Razred 350de 4MATIC|AMG paket|Zračno|Navi|Koti|360|Memory,,2020,132363 km,hibridni pogon,avtomatski menjalnik,"1950 ccm, 235 kW / 320 KM",,
22644822,Mercedes-Benz A-Razred A 150 Classic,1290.0,2006,290000 km,bencinski motor,ročni menjalnik,"1498 ccm, 70 kW / 95 KM",,
22662952,Mercedes-Benz GLA-Razred GLA 200 d Avt.-CAMERA-NAVI-HIGH LED-ALU-,23750.0,2021,156000 km,diesel motor,avtomatski menjalnik,"1950 ccm, 110 kW / 150 KM",,
22387826,Mercedes-Benz GLB-Razred GLB 200 d  Avt.-119.000KM-KOT NOV-,27750.0,2023,119000 km,diesel motor,avtomatski menjalnik,"1950 ccm, 110 kW / 150 KM",,
22785373,Mercedes-Benz C-Razred C 220 d T 4MATIC Avantgarde Avt. Slovenski-Led...,31550.0,2022,64500 km,diesel motor,avtomatski menjalnik,"1993 ccm, 147 kW / 200 KM",,
22785349,Mercedes-Benz SL-Razred 43 AMG+SAMO 55.000KM+21 COL+BURMESTER+360°+ACC...,88888.0,2022,55000 km,bencinski motor,avtomatski menjalnik,"1991 ccm, 280 kW / 381 KM",,
22785348,Mercedes-Benz SL-Razred 43 AMG+SAMO 23.000KM+21 COL+BURMESTER+360°+HEAD ,99999.0,2023,23000 km,bencinski motor,avtomatski menjalnik,"1991 ccm, 280 kW / 381 KM",,
22785345,Mercedes-Benz GLE-Razred GLE 450 d 4MATIC AMG Line+22 COL+ACC+ZRAČNO+PANO,86990.0,2024,39000 km,diesel motor,avtomatski menjalnik,"2989 ccm, 270 kW / 367 KM",,
22785344,Mercedes-Benz GLK-Razred GLK 200 CDI AUT.+18COL+NAVI+DIG. KLIMA+BREZ POLO,,2014,230000 km,diesel motor,avtomatski menjalnik,"2143 ccm, 105 kW / 143 KM",,
22754307,Mercedes-Benz C-Razred 200d Avantgarde Avt.| KAMERA |ACC| NIGHT | AMBIENT,21990.0,2023,152000 km,diesel motor,avtomatski menjalnik,"1993 ccm, 120 kW / 163 KM",,
22785044,Mercedes-Benz GLA-Razred 220 d 4MATIC AMG Line Avt. PANORAMA,34990.0,2023,100000 km,diesel motor,avtomatski menjalnik,"1950 ccm, 140 kW / 190 KM",,
22785026,Mercedes-Benz E-Razred E 220 cdi AMG,25690.0,2018,179650 km,diesel motor,avtomatski menjalnik,"1950 ccm, 143 kW / 194 KM",,
22784989,Mercedes-Benz C-Razred 220 C220D AMG LINE|MOJAVE BARVA|PANORAMA|18COL,29950.0,2023,127000 km,diesel motor,avtomatski menjalnik,"1993 ccm, 162 kW / 220 KM",,
22784970,Mercedes-Benz C-Razred C 230 Kompressor Avantgarde,1600.0,2004,300000 km,bencinski motor,ročni menjalnik,"1796 ccm, 141 kW / 192 KM",,
22187483,Mercedes-Benz GLC-Razred 300e 4MATIC |Zračno|Burmester|Pano|Kljuka|Webasto,70990.0,2023,33000 km,hibridni pogon,avtomatski menjalnik,"1999 ccm, 230 kW / 313 KM",,
22165045,Mercedes-Benz CLA-Razred 180 |AMG|Facelift|Pano|Kamera|PDC|Ambient|KeylesGO,32890.0,2023,31000 km,bencinski motor,avtomatski menjalnik,"1332 ccm, 100 kW / 136 KM",,
22579003,Mercedes-Benz GLC coupe 300 4MATIC AT. |AMG Line|Tempomat|NAVI|Kamera|PDC,31990.0,2019,120500 km,bencinski motor,avtomatski menjalnik,"1991 ccm, 190 kW / 258 KM",,
22784938,Mercedes-Benz S-Razred 320cdi,5600.0,2001,417000 km,diesel motor,avtomatski menjalnik,"3222 ccm, 145 kW / 197 KM",,
22784909,Mercedes-Benz A-Razred A180 Avangard,4500.0,2009,196000 km,bencinski motor,avtomatski menjalnik,"1700 ccm, 85 kW / 116 KM",,
22730448,Mercedes-Benz GLA-Razred GLA 200 d Urban Avt. SENZORJI-NAVI-GRETJE SED,18600.0,2017,75600 km,diesel motor,avtomatski menjalnik,"2143 ccm, 100 kW / 136 KM",,
22768418,Mercedes-Benz E-Razred E 400 d 4MATIC  AMG 360 KAMERE ZRAČN0  ,28900.0,2019,145600 km,diesel motor,avtomatski menjalnik,"2925 ccm, 250 kW / 340 KM",,
22784870,Mercedes-Benz EQC 400 4MATIC AMG Line,34990.0,2022,137800 km,elektro pogon,,300 kW,80 kWh,
22615442,Mercedes-Benz V-Razred 250d 4M AMG-Line|LED|NAVI|ACC|K360°|WEBASTO|BURMES,35990.0,2018,254000 km,diesel motor,avtomatski menjalnik,"2143 ccm, 140 kW / 190 KM",,
22708682,Mercedes-Benz CLS-Razred 350CDI AMG,10250.0,2011,338000 km,diesel motor,avtomatski menjalnik,"2998 ccm, 194 kW / 264 KM",,
22709137,Mercedes-Benz CLA-Razred Mercedes-AMG CLA 45 S 4MATIC+-SLO-PANO-ALU19-TOP,55900.0,2022,56000 km,bencinski motor,avtomatski menjalnik,"1991 ccm, 310 kW / 421 KM",,
22754893,Mercedes-Benz A-Razred A 200 AMG Line Avt.SLO LED NAVI PANORAMA KAMERA,19790.0,2018,95000 km,bencinski motor,avtomatski menjalnik,"1332 ccm, 120 kW / 163 KM",,
22718364,Mercedes-Benz C-Razred C 200 CDI MOZNA MENJAVA tudi ZA MOTOR,6190.0,2013,273300 km,diesel motor,ročni menjalnik,"2143 ccm, 100 kW / 136 KM",,
22784781,Mercedes-Benz C-Razred C 220 d 4MATIC AMG Line Avt.LEASING-LEANPAY-KREDIT,16500.0,2018,204500 km,diesel motor,avtomatski menjalnik,"2143 ccm, 125 kW / 170 KM",,
22784755,Mercedes-Benz S-Razred S 400 d 4MATIC AMG Line DIGITAL LIGHT ACC PANO,88880.0,2022,122000 km,diesel motor,avtomatski menjalnik,"2925 ccm, 243 kW / 330 KM",,
22784709,Mercedes-Benz ML-Razred ML 280 CDI Avt.,7000.0,2006,315000 km,diesel motor,avtomatski menjalnik,"2987 ccm, 140 kW / 190 KM",,
22784680,Mercedes-Benz GLC-Razred GLC 220d 4MATIC Avt.1 LASTNIK-KAM-LED-ODLIČEN,39990.0,2023,117000 km,diesel motor,avtomatski menjalnik,"1993 ccm, 145 kW / 197 KM",,
22784675,Mercedes-Benz GLA-Razred GLA 200 CDI 4MATIC Urban Avt.,13400.0,2014,179550 km,diesel motor,avtomatski menjalnik,"2143 ccm, 100 kW / 136 KM",,
22784577,Mercedes-Benz C-Razred C 200 d AMG Line Avt.-LED-NAVI-KAMERA-PANORAMA-ALU,42900.0,2026,12968 km,diesel motor,avtomatski menjalnik,"1993 ccm, 120 kW / 163 KM",,
22784576,Mercedes-Benz C-Razred C 180 Coupe Evolution SLO.VOZILO 2.LASTNIK USNJE,1880.0,2001,353000 km,bencinski motor,ročni menjalnik,"1998 ccm, 95 kW / 129 KM",,
22618996,Mercedes-Benz CLS-Razred 350- AMG LINE- BURM- VIRTUAL- 360°- ODLIČEN,39900.0,2019,107800 km,bencinski motor,avtomatski menjalnik,"1991 ccm, 220 kW / 299 KM",,
22745514,Mercedes-Benz B-Razred 180d BlueEFFICIENCY Edition - BREZ POLOGA,9490.0,2017,226551 km,diesel motor,ročni menjalnik,"1461 ccm, 80 kW / 109 KM",,
22781422,Mercedes-Benz B-Razred B 180 CDI,3497.0,2010,215000 km,diesel motor,ročni menjalnik,"1991 ccm, 80 kW / 109 KM",,
22781408,Mercedes-Benz GLC-Razred GLC 200 d 4MATIC Avt.,29900.0,2019,149800 km,diesel motor,avtomatski menjalnik,"1950 ccm, 120 kW / 163 KM",,
22781313,Mercedes-Benz V-Razred 300d AMG LINE 4MATIC-MOŽEN PORAČUN DDV-VL.KLJUKA,46990.0,2021,186700 km,diesel motor,avtomatski menjalnik,"1950 ccm, 174 kW / 237 KM",,
22683252,Mercedes-Benz S-Razred 350 d 4MATIC.BELGIJSKI.LED.PANORAMA.KAMERA.ACC,39999.0,2019,145421 km,diesel motor,avtomatski menjalnik,"2925 ccm, 210 kW / 286 KM",,
22633668,Mercedes-Benz GLC-Razred GLC 220d 4MATIC Avt.NEMŠKI+4ALU.KAMERA.LED.USNJE,45999.0,2023,31213 km,diesel motor,avtomatski menjalnik,"1993 ccm, 162 kW / 220 KM",,
22708319,Mercedes-Benz GLC coupe GLC 200 d 4MATIC.KAMERA.USNJE.LED.NAVI,33999.0,2021,155058 km,diesel motor,avtomatski menjalnik,"1950 ccm, 120 kW / 163 KM",,
22622021,Mercedes-Benz GLB-Razred GLB 200 d Avt..KAMERA.NAVI.LED.USNJE.SAMO 100.000,23999.0,2020,101060 km,diesel motor,avtomatski menjalnik,"1950 ccm, 110 kW / 150 KM",,
22633926,Mercedes-Benz GLA-Razred GLA 180 Avt.KAMERA.USNJE.LED.NAVI.,19999.0,2019,112249 km,bencinski motor,avtomatski menjalnik,"1595 ccm, 90 kW / 122 KM",,
22680155,Mercedes-Benz GLA-Razred 250 e Avt.KAMERA.NAVI.ACC.LED.USNJE.SAMO 49.000 KM,31999.0,2021,49000 km,hibridni pogon,avtomatski menjalnik,"1332 ccm, 118 kW / 160 KM",,
22608631,Mercedes-Benz EQB 250+ AMG Line.KAMERA.LED.USNJE.KLJUKA-SUBVENCIJA,44999.0,2024,52609 km,elektro pogon,,140 kW,"70,5 kWh",
22688146,Mercedes-Benz EQA 250 Progress.NEMŠKI.PANORAMA.KLJUKA.LED.ACC.USNJE,35999.0,2023,60206 km,elektro pogon,,140 kW,"66,5 kWh",
22741081,Mercedes-Benz EQA 250 Business.KAMERA.NAVI.USNJE.LED.SAMO 57.590 KM,32999.0,2023,57590 km,elektro pogon,,140 kW,,
22619957,Mercedes-Benz B-Razred B 200 BENCIN 1.6 SLOVENSKI.SAMO 104.000 KM,12999.0,2017,104000 km,bencinski motor,ročni menjalnik,"1595 ccm, 115 kW / 156 KM",,
22694906,Mercedes-Benz A-Razred A 160 d-VIRTUAL-LED-NAVI-GR SEDEŽEV,13990.0,2019,168100 km,diesel motor,ročni menjalnik,"1461 ccm, 70 kW / 95 KM",,
22781146,Mercedes-Benz C-Razred 250CDI-AUT-AMG LINE-PANORAMA-LIZING ZA TUJCE,14950.0,2015,215000 km,diesel motor,avtomatski menjalnik,"2143 ccm, 150 kW / 204 KM",,
22781142,Mercedes-Benz E-Razred E300d w124,5000.0,1991,430000 km,diesel motor,avtomatski menjalnik,"2996 ccm, 83 kW / 113 KM",,
22781122,Mercedes-Benz GLC-Razred GLC 220 d 4MATIC Avt.KAMERA.LED.USNJE.74.000 KM,32999.0,2021,74000 km,diesel motor,avtomatski menjalnik,"1950 ccm, 143 kW / 194 KM",,
22781105,Mercedes-Benz 190 E 2.0,800.0,1989,,bencinski motor,ročni menjalnik,"1997 ccm, 87 kW / 118 KM",,
22781089,Mercedes-Benz EQC 400 4MATIC AMG Line.NEMŠKI+4ALU.LED.KAMERA.67.000 ,41999.0,2022,67000 km,elektro pogon,,300 kW,80 kWh,
22781086,Mercedes-Benz CLA Shooting Brake CLA 200 d  AUT LED NAVI KAMERA +SLO POREKLO ,,2024,74219 km,diesel motor,avtomatski menjalnik,"1950 ccm, 110 kW / 150 KM",,
22780931,Mercedes-Benz GLC coupe GLC Coupe 220 d 4MATIC AMG PAN BREZ POLOGA,43690.0,2023,98850 km,diesel motor,avtomatski menjalnik,"1950 ccm, 143 kW / 194 KM",,
22780922,Mercedes-Benz A-Razred A 180 ALU 19-NAVI-PDC-LED-SAMO 124000KM-KOT NOV-G.,12780.0,2013,124012 km,bencinski motor,ročni menjalnik,"1595 ccm, 90 kW / 122 KM",,
22780856,Mercedes-Benz A-Razred 180 AMG Line ,41010.0,,,bencinski motor,avtomatski menjalnik,"1332 ccm, 100 kW / 136 KM",,NOVO
22780812,Mercedes-Benz E-Razred E 220 d 4MATIC T All Terrain Avt.,23840.0,2018,157754 km,diesel motor,avtomatski menjalnik,"1950 ccm, 143 kW / 194 KM",,
22780789,Mercedes-Benz E-Razred E BlueEFFICIENCY 350 CDI Elegance Avt.,7500.0,2011,333000 km,diesel motor,avtomatski menjalnik,"2987 ccm, 195 kW / 265 KM",,
22780749,Mercedes-Benz GLB-Razred GLB 2.0 d AUT- Kamera- Virtual- LED- Navigacija,21888.0,2022,138151 km,diesel motor,avtomatski menjalnik,"1950 ccm, 85 kW / 116 KM",,
22780682,Mercedes-Benz A-Razred A 180 D BUSINESS LINE,,2021,35715 km,diesel motor,ročni menjalnik,"1950 ccm, 85 kW / 116 KM",,
22701477,Mercedes-Benz E-Razred E 43 AMG 4MATIC Avt-SLOVENSKO POREKLO-ODL.OHRANJEN,38990.0,2018,147163 km,bencinski motor,avtomatski menjalnik,"2996 ccm, 295 kW / 401 KM",,
22701143,Mercedes-Benz GLA-Razred GLA 180 Avt.-1.LASTNIK-SAMO 35.000km-SLO POREKLO-,24490.0,2021,35991 km,bencinski motor,avtomatski menjalnik,"1332 ccm, 100 kW / 136 KM",,
22780664,Mercedes-Benz E-Razred E 200 CDI T Avantgarde,4999.0,2014,,diesel motor,avtomatski menjalnik,"2143 ccm, 100 kW / 136 KM",,
22693743,Mercedes-Benz C-Razred C 220 d 4MATIC Avt.-SLOVENSKO POREKLO-ODL.OHRANJEN,21490.0,2020,196821 km,diesel motor,avtomatski menjalnik,"1950 ccm, 143 kW / 194 KM",,
22780647,Mercedes-Benz C-Razred C Coupe 250-1.LASTNIK-SLO-,21990.0,2018,145000 km,bencinski motor,avtomatski menjalnik,"1991 ccm, 155 kW / 211 KM",,
22780630,Mercedes-Benz AMG GT Coupe AMG GT 63 S 4-vratni coupe,86990.0,2020,58000 km,bencinski motor,avtomatski menjalnik,"3982 ccm, 470 kW / 639 KM",,
22780621,Mercedes-Benz A-Razred A 150 Classic,,2006,122537 km,bencinski motor,avtomatski menjalnik,"1498 ccm, 70 kW / 95 KM",,
22780610,Mercedes-Benz AMG GT Coupe AMG GT S ...,92990.0,2018,48000 km,bencinski motor,avtomatski menjalnik,"3982 ccm, 384 kW / 522 KM",,
22780596,Mercedes-Benz GLC coupe 220d|4Matic|AMG Line|Kamera|Kljuka|SLO|1.Lastnik|.,37490.0,2019,84000 km,diesel motor,avtomatski menjalnik,"1950 ccm, 143 kW / 194 KM",,
22635316,Mercedes-Benz C-Razred C 220d...1.LASTNIK...SLO..LIM,26900.0,2022,136000 km,diesel motor,avtomatski menjalnik,"1993 ccm, 147 kW / 200 KM",,
22465113,Mercedes-Benz GLC-Razred 220d 4MATIC -AMG line-NAVI-LED-ACC-KLJUKA -17-,30490.0,2020,134000 km,diesel motor,avtomatski menjalnik,"1950 ccm, 143 kW / 194 KM",,
22716411,Mercedes-Benz V-Razred 300d 4MATIC AT. |ACC|Kljuka|360|Hlajenje s|MEM|SLO,58990.0,2023,64000 km,diesel motor,avtomatski menjalnik,"1950 ccm, 174 kW / 237 KM",,
22780572,Mercedes-Benz GLC-Razred 220d 4MATIC AMG Line ,85250.0,,,diesel motor,avtomatski menjalnik,"1993 ccm, 145 kW / 197 KM",,NOVO
22780556,Mercedes-Benz C-Razred 63S AMG Coupe...,63000.0,2023,51000 km,bencinski motor,avtomatski menjalnik,"3982 ccm, 375 kW / 510 KM",,
22780546,Mercedes-Benz B-Razred 180 Progressive Avt. |Kamera|Lane| - V PRIPRAVI,,2024,5538 km,bencinski motor,avtomatski menjalnik,"1332 ccm, 100 kW / 136 KM",,
22780521,Mercedes-Benz GLE-Razred AMG 53 4Matic+|Pano|ACC|Hlaj|360K|Kljuka|Masaža|,59990.0,2021,113000 km,bencinski motor,avtomatski menjalnik,"2999 ccm, 320 kW / 435 KM",,
22780497,Mercedes-Benz GLK-Razred 320CDI 4MATIC NA KREDIT BREZ POLOGA,10999.0,2008,350100 km,diesel motor,avtomatski menjalnik,"2987 ccm, 165 kW / 224 KM",,
22780491,Mercedes-Benz GLA-Razred GLA 200 AMG Line Avt.,23990.0,2021,167815 km,bencinski motor,avtomatski menjalnik,"1332 ccm, 120 kW / 163 KM",,
22780472,Mercedes-Benz GLC-Razred 200|4Matic|AMG|Panorama|Memory|HUD|360K|Burmester.,48990.0,2022,67000 km,bencinski motor,avtomatski menjalnik,"1999 ccm, 150 kW / 204 KM",,
22774982,Mercedes-Benz V-Razred 250d 4MATIC - 360 KAM. - LINE ASS. - AKTIVNI TEMP.,23990.0,2016,317000 km,diesel motor,avtomatski menjalnik,"2143 ccm, 140 kW / 190 KM",,
22774955,Mercedes-Benz A-Razred A 150 Classic 2.LASTNIK KLIMA GRETJE SED. ALU 16,2750.0,2009,154000 km,bencinski motor,ročni menjalnik,"1498 ccm, 70 kW / 95 KM",,
22774935,Mercedes-Benz GLB-Razred GLB 2.0D-KAMERA-VELIKA NAVI-PDC-USNJE-KOT N,21980.0,2021,167611 km,diesel motor,avtomatski menjalnik,"1950 ccm, 85 kW / 116 KM",,
22774933,Mercedes-Benz C-Razred C 350 e EXCLUSIVE-SLO-1LASTNIK-KOT NOV,17480.0,2017,205311 km,hibridni pogon,avtomatski menjalnik,"1991 ccm, 155 kW / 211 KM",,
22774932,Mercedes-Benz GLC-Razred GLC 250 d 4MATIC Exclusive AIR MATIC-HUD-ACC-9G,24980.0,2017,131000 km,diesel motor,avtomatski menjalnik,"2143 ccm, 150 kW / 204 KM",,
22774931,Mercedes-Benz C-Razred C FUL LED-NAVI-KAMERA-ALU 18-ACC-ASIST-KOT NOV,17980.0,2021,155021 km,diesel motor,avtomatski menjalnik,"1597 ccm, 90 kW / 122 KM",,
22774924,Mercedes-Benz C-Razred C 220 d 4MATIC AMG Line Avt.+360°KAMERA+VL.KLJUKA,33970.0,2023,120586 km,diesel motor,avtomatski menjalnik,"1993 ccm, 147 kW / 200 KM",,
22774920,Mercedes-Benz S-Razred 350 d 4MATIC LONG DVD PAN. FACELIFT AMG 63 LOOK,24999.0,2014,486879 km,diesel motor,avtomatski menjalnik,"2987 ccm, 190 kW / 258 KM",,
22774903,Mercedes-Benz CLS-Razred 350CDI 4-MATIC 2.LASTNIK SLO. POLOG 2900...,33200.0,2019,220900 km,diesel motor,avtomatski menjalnik,"2997 ccm, 210 kW / 286 KM",,
22774847,Mercedes-Benz GLC-Razred 220 d 4MATIC POLOG 2000,24900.0,2020,186030 km,diesel motor,avtomatski menjalnik,"2143 ccm, 125 kW / 170 KM",,
22600222,Mercedes-Benz E-Razred E 220 CDI Classic,1990.0,2003,355000 km,diesel motor,ročni menjalnik,"2148 ccm, 110 kW / 150 KM",,
22774824,Mercedes-Benz S-Razred S 350 BlueTEC 4MATIC L SLO ODLIČEN KAM PANO NAVI..,22990.0,2012,125648 km,diesel motor,avtomatski menjalnik,"2987 ccm, 190 kW / 258 KM",,
22774789,Mercedes-Benz S-Razred 450 Long|4Matic|AMG|Pano|HUD|Hlaj|Burmester|Klju..,91990.0,2022,74000 km,bencinski motor,avtomatski menjalnik,"2999 ccm, 270 kW / 367 KM",,
22774780,Mercedes-Benz A-Razred A 180 CDI 1.LASTNIK KOT NOV SERVISIRAN NA MERC...,8299.0,2014,282344 km,diesel motor,ročni menjalnik,"1461 ccm, 80 kW / 109 KM",,
22774771,Mercedes-Benz S-Razred S 350 d AMG Line AIRMATIC Burmester Panorama itd,67500.0,2022,81800 km,diesel motor,avtomatski menjalnik,"2925 ccm, 210 kW / 286 KM",,
22774724,Mercedes-Benz A-Razred Mercedes-Benz A 200 AMG Line + NIGHT PAKET,23499.0,2020,70000 km,bencinski motor,ročni menjalnik,"1332 ccm, 120 kW / 163 KM",,
22774699,Mercedes-Benz C-Razred C63S-COUPE-AMG-PANO-KAM360-HUD-AERO-BURMESTER-ACC,56885.0,2020,86948 km,bencinski motor,avtomatski menjalnik,"3982 ccm, 375 kW / 510 KM",,
22774635,Mercedes-Benz CLA Shooting Brake AMG - 200 - aut. - TOP PONUDBA,20980.0,2020,143100 km,bencinski motor,avtomatski menjalnik,"1332 ccm, 120 kW / 163 KM",,
22774594,Mercedes-Benz CLE-Razred 220d Coupé |AMG Line|ACC|Memory|360K|Memory|Slo...,64990.0,2025,13700 km,diesel motor,avtomatski menjalnik,"1993 ccm, 145 kW / 197 KM",,
22774577,Mercedes-Benz EQB 250+ |ACC|Kamera|Memory|Slo|Tov. Garancija do 20..,39990.0,2024,60000 km,elektro pogon,,140 kW,"70,5 kWh",
22774574,Mercedes-Benz V-Razred V250d Compact LED|ACC|19-col|Night-paket,23980.0,2018,240000 km,diesel motor,avtomatski menjalnik,"2143 ccm, 140 kW / 190 KM",,
22774484,Mercedes-Benz C-Razred C180-AUT-BREZ-POLOGA-ELEGANCE-NAVIGACIJA-GR-SEDEŽE,9900.0,2011,119000 km,bencinski motor,avtomatski menjalnik,"1796 ccm, 115 kW / 156 KM",,
22653855,Mercedes-Benz B-Razred 220 4MATIC |AMG|Multibeam|Kljuka|Kamera|MEM|Pano,26990.0,2020,76000 km,bencinski motor,avtomatski menjalnik,"1991 ccm, 140 kW / 190 KM",,
22502885,Mercedes-Benz A-Razred 45 AMG 4MATIC |Performance|Gretje|MEM|Pano|Kamera,27990.0,2018,89000 km,bencinski motor,avtomatski menjalnik,"1991 ccm, 265 kW / 360 KM",,
22555789,Mercedes-Benz C-Razred 220d Avantgarde |Kljuka|ACC|Kamera|MEM|Gretje sed.,34990.0,2025,73000 km,diesel motor,avtomatski menjalnik,"1993 ccm, 145 kW / 197 KM",,
22774309,Mercedes-Benz SL-Razred SL 55 AMG Avt.,29500.0,2006,169000 km,bencinski motor,avtomatski menjalnik,"5439 ccm, 380 kW / 517 KM",,
22774292,Mercedes-Benz GLC-Razred GLC 220 d 4MATIC-Odličen-...,22500.0,2019,221754 km,diesel motor,avtomatski menjalnik,"2143 ccm, 125 kW / 170 KM",,
22774071,Mercedes-Benz C-Razred C 43 4MATIC AMG Avt. LED BURMESTER KAMERA R19 ,27950.0,2016,165000 km,bencinski motor,avtomatski menjalnik,"2996 ccm, 270 kW / 367 KM",,
22764712,Mercedes-Benz GLE coupe GLE Coupe 400 d 4MATIC AMG Line Avt.-1 LASTNICA-..,74990.0,2022,58000 km,diesel motor,avtomatski menjalnik,"2925 ccm, 243 kW / 330 KM",,
22752253,Mercedes-Benz Vito 115 CDI -PODALJŠAN- KLIMA- 9 SEDEŽEV- OHRANJENO ,3990.0,2008,580000 km,diesel motor,ročni menjalnik,"2148 ccm, 110 kW / 150 KM",,
22744201,Mercedes-Benz E-Razred 450d 4M AMG|MULTIBEAM|ACC|PANO|KAM-360°|KEY|F1,74990.0,2025,29000 km,diesel motor,avtomatski menjalnik,"2989 ccm, 270 kW / 367 KM",,
22773959,Mercedes-Benz GLC-Razred GLC 250 d 4MATIC AMG Line Avt.,24990.0,2018,164950 km,diesel motor,avtomatski menjalnik,"2143 ccm, 150 kW / 204 KM",,
22773901,Mercedes-Benz E-Razred 250 CDI T Avantgarde 4matic,8000.0,2012,355000 km,diesel motor,ročni menjalnik,"2143 ccm, 150 kW / 204 KM",,
22773870,Mercedes-Benz B-Razred B 200 CDI,1000.0,2007,168000 km,diesel motor,avtomatski menjalnik,"1991 ccm, 103 kW / 140 KM",,
22773857,Mercedes-Benz C-Razred C 200 d,12800.0,2016,115056 km,diesel motor,ročni menjalnik,"1598 ccm, 100 kW / 136 KM",,
22773795,Mercedes-Benz W123 200 D,12000.0,1979,250000 km,diesel motor,ročni menjalnik,"1988 ccm, 41 kW / 56 KM",,
22773711,Mercedes-Benz C-Razred C 220 d•4MATIC•AMG Line•Avtom-ODLIČEN,28999.0,2022,,diesel motor,avtomatski menjalnik,"1993 ccm, 147 kW / 200 KM",,
22773642,Mercedes-Benz B-Razred B 200 CDI,3000.0,2010,281479 km,diesel motor,ročni menjalnik,"1991 ccm, 103 kW / 140 KM",,
22773514,Mercedes-Benz E-Razred CDI AMG AMBIENT NAVI PDC. VL. KLJUKA,13490.0,2012,198000 km,diesel motor,avtomatski menjalnik,"2143 ccm, 100 kW / 136 KM",,
22773508,Mercedes-Benz E-Razred E 270 CDI Classic,3200.0,2004,340000 km,diesel motor,ročni menjalnik,"2685 ccm, 130 kW / 177 KM",,
22773449,Mercedes-Benz GL-Razred ,27000.0,2016,262000 km,diesel motor,avtomatski menjalnik,"3000 ccm, 200 kW / 272 KM",,
22773400,Mercedes-Benz C-Razred C 220 d 4MATIC T AMG Line Avt.,17590.0,2016,195300 km,diesel motor,avtomatski menjalnik,"2143 ccm, 125 kW / 170 KM",,
22773398,Mercedes-Benz C-Razred C Coupe 250 CDI BlueEFFICIENCY,8700.0,2012,254000 km,diesel motor,avtomatski menjalnik,"2143 ccm, 150 kW / 204 KM",,
22773327,Mercedes-Benz A-Razred A 180 CDI Classic,1800.0,2008,203000 km,diesel motor,ročni menjalnik,"1991 ccm, 80 kW / 109 KM",,
22671739,Mercedes-Benz E-Razred 200BlueTEC  Avantgarde EDITION LED LUČI TOP STANJE,8500.0,2016,280000 km,diesel motor,ročni menjalnik,"2143 ccm, 100 kW / 136 KM",,
22773215,Mercedes-Benz B-Razred B 180 d Urban,8500.0,2015,197300 km,diesel motor,ročni menjalnik,"1461 ccm, 80 kW / 109 KM",,
22643916,Mercedes-Benz A-Razred AMG|200D|TEMPOMAT|LED|GARANCIJA,13980.0,2015,183000 km,diesel motor,avtomatski menjalnik,"2194 ccm, 100 kW / 136 KM",,
22772990,Mercedes-Benz C-Razred C 200 CDI Classic,800.0,2004,490000 km,diesel motor,ročni menjalnik,"2148 ccm, 90 kW / 122 KM",,
22766913,Mercedes-Benz C-Razred C 180 Elegance,2000.0,1995,350000 km,bencinski motor,ročni menjalnik,"1799 ccm, 90 kW / 122 KM",,
22766903,Mercedes-Benz T-Razred T-Razred 180d Aut. | 1. lastnik | SLO vozilo ,22900.0,2023,60500 km,diesel motor,ročni menjalnik,"1461 ccm, 85 kW / 116 KM",,
22766722,Mercedes-Benz E-Razred E 250 BlueTEC T Avantgarde + Vlečna kljuka ,10800.0,2015,305000 km,diesel motor,ročni menjalnik,"2143 ccm, 150 kW / 204 KM",,
22766721,Mercedes-Benz GLK-Razred GLK 250 CDI 4MATIC BlueEFICIENCY Avt.,10499.0,2011,275000 km,diesel motor,avtomatski menjalnik,"2143 ccm, 150 kW / 204 KM",,
22766438,Mercedes-Benz V-Razred V 300 d 4MATIC dolgi AMG-LINE,55450.0,2021,33150 km,diesel motor,avtomatski menjalnik,"1950 ccm, 174 kW / 237 KM",,
22766430,Mercedes-Benz A-Razred A 180D STYLE I AVT I LED I NAVI I USNJE,9790.0,2018,307000 km,diesel motor,avtomatski menjalnik,"1461 ccm, 80 kW / 109 KM",,
22766295,Mercedes-Benz C-Razred C 220 CDI-AUT-AMG LINE-VIRTUAL-PANORAMA HEAD UP...,16950.0,2019,209000 km,diesel motor,avtomatski menjalnik,"1950 ccm, 143 kW / 194 KM",,
22766280,Mercedes-Benz C-Razred 250CDI-AUT-63 AMG LOOK-LIZING ZA TUJCE-FUL LED,16950.0,2018,256000 km,diesel motor,avtomatski menjalnik,"2143 ccm, 150 kW / 204 KM",,
22766275,Mercedes-Benz CLA Shooting Brake 2.0D 200D LED |KAMERA|USNJE|2-CON.KLIMA,,2023,123749 km,diesel motor,avtomatski menjalnik,"1950 ccm, 110 kW / 150 KM",,
22766221,Mercedes-Benz C-Razred C 220 d 4MATIC Aut. LED-LANE-NAVIG-KAM-ACC,15499.0,2018,200310 km,diesel motor,avtomatski menjalnik,"1950 ccm, 143 kW / 194 KM",,
22765974,Mercedes-Benz GLB-Razred 200d AMG+LED+ALU+KAMERA+7SEDEŽEV+NAVI+VIRTUAL,27500.0,2022,139500 km,diesel motor,avtomatski menjalnik,"1950 ccm, 110 kW / 150 KM",,
22765958,Mercedes-Benz B-Razred ,10000.0,2016,220000 km,diesel motor,ročni menjalnik,"2143 ccm, 100 kW / 136 KM",,
22765788,Mercedes-Benz GLC-Razred 220d|4Matic|AMG|Pano|ACC|Memory|HUD|360K|Gretje|,49990.0,2023,75000 km,diesel motor,avtomatski menjalnik,"1993 ccm, 145 kW / 197 KM",,
22765760,Mercedes-Benz E-Razred E 200 AMG Line Avt.,35500.0,2019,76000 km,diesel motor,avtomatski menjalnik,"1991 ccm, 110 kW / 150 KM",,
22765727,Mercedes-Benz C-Razred C 220 d 4MATIC T AMG Line Avt.+F1+PANO+VK+ZELO LEP,26490.0,2020,108450 km,diesel motor,avtomatski menjalnik,"1950 ccm, 143 kW / 194 KM",,
22765639,Mercedes-Benz S-Razred S 350 d 4MATIC ,54800.0,2021,194400 km,diesel motor,avtomatski menjalnik,"2925 ccm, 210 kW / 286 KM",,
22765588,Mercedes-Benz E-Razred E Coupe 220 CDI,13490.0,2013,345000 km,diesel motor,avtomatski menjalnik,"2143 ccm, 125 kW / 170 KM",,
22765450,Mercedes-Benz GLC-Razred GLC 250 d 4MATIC  Avt. 1.lastnik,22200.0,2017,195505 km,diesel motor,avtomatski menjalnik,"2143 ccm, 150 kW / 204 KM",,
22765419,Mercedes-Benz S-Razred S350 BlueTEC 4MATIC L SLO ODLIČEN KAM PANO NAVI...,22490.0,2012,125648 km,diesel motor,avtomatski menjalnik,"2987 ccm, 190 kW / 258 KM",,
22765308,Mercedes-Benz A-Razred A 160+SLOVENSKI+1.LASTNIK+SAMO 114.000KM+ODLIČEN..,,2019,114000 km,bencinski motor,ročni menjalnik,"1332 ccm, 80 kW / 109 KM",,
22765279,Mercedes-Benz A-Razred 200 AMG Line |Kamera|Navi|Gretje|SLO|1.Lastnik|,29990.0,2023,53500 km,bencinski motor,avtomatski menjalnik,"1332 ccm, 120 kW / 163 KM",,
22765171,Mercedes-Benz CLE-Razred Coupe 300 4MATIC AMG Line |Pano|Burmester|360K|ACC,61990.0,2025,5500 km,bencinski motor,avtomatski menjalnik,"1999 ccm, 190 kW / 258 KM",,
22690993,Mercedes-Benz GLK-Razred GLK 200 CDI Aut. SPORT ODLIČEN,13444.0,2013,199414 km,diesel motor,avtomatski menjalnik,"2143 ccm, 105 kW / 143 KM",,
22765155,Mercedes-Benz E-Razred E 220 CDI AVANTGARDE+XENON+NAVI+MENJAVA,10950.0,2014,254000 km,diesel motor,avtomatski menjalnik,"2143 ccm, 125 kW / 170 KM",,
22765069,Mercedes-Benz A-Razred A 200 CDI AMG SPORT-PANORAMA-XENON-BREZ POLOGA,10990.0,2013,236000 km,diesel motor,ročni menjalnik,"1796 ccm, 100 kW / 136 KM",,
22764050,Mercedes-Benz ML-Razred 350 CDI 4Matic - SLO -2. LASTNIK -ODLIČNO OHRANJEN,11990.0,2011,232000 km,diesel motor,avtomatski menjalnik,"2987 ccm, 170 kW / 231 KM",,
22764917,Mercedes-Benz CLA Shooting Brake CLA 180 d Shooting Brake AMG Line Avt. XENON-LED.,22899.0,2020,125999 km,diesel motor,avtomatski menjalnik,"1461 ccm, 85 kW / 116 KM",,
22712784,Mercedes-Benz GLC-Razred GLC 220d 4MATIC Avantgarde,73647.0,2026,500 km,diesel motor,avtomatski menjalnik,"1993 ccm, 145 kW / 197 KM",,
22764820,Mercedes-Benz C-Razred C 220 CDI T,3500.0,2014,460000 km,diesel motor,ročni menjalnik,"2143 ccm, 125 kW / 170 KM",,
21970688,Mercedes-Benz S-Razred 400d 4M AMG|DIGITAL-LIGHT|HUD|ACC|PANO|SOFT|K-360°,88990.0,2022,78000 km,diesel motor,avtomatski menjalnik,"2925 ccm, 243 kW / 330 KM",,
21961730,Mercedes-Benz GLS-Razred 450d 4M AMG|MULTIBEAM|ACC|HUD|K360°|PANO|AIR|F1|TV,113990.0,2024,44000 km,diesel motor,avtomatski menjalnik,"2989 ccm, 270 kW / 367 KM",,
22764636,Mercedes-Benz A-Razred A 180 Style-KAMERA-NAVI,9499.0,2013,189040 km,bencinski motor,ročni menjalnik,"1595 ccm, 90 kW / 122 KM",,
22764516,Mercedes-Benz E-Razred E 270 CDI Elegance,990.0,2001,350000 km,diesel motor,ročni menjalnik,"2685 ccm, 125 kW / 170 KM",,
22764431,Mercedes-Benz ML-Razred ML 320 Avt. - KLJUKA,1990.0,1999,322838 km,bencinski motor,avtomatski menjalnik,"3199 ccm, 160 kW / 218 KM",,
22764250,Mercedes-Benz B-Razred B 200 d Style,10900.0,2017,284400 km,diesel motor,ročni menjalnik,"2143 ccm, 100 kW / 136 KM",,
22764186,Mercedes-Benz C-Razred 220 CDI AUT. AVANTGARDE AMG line,7990.0,2012,265000 km,diesel motor,avtomatski menjalnik,"2143 ccm, 125 kW / 170 KM",,
22764044,Mercedes-Benz E-Razred E Coupe 300d AMG Line CRYSTAL.ACC.VZR.KAM ,31000.0,2019,91000 km,diesel motor,avtomatski menjalnik,"1950 ccm, 180 kW / 245 KM",,
22763986,Mercedes-Benz C-Razred 220d - AMG Line - Digital - Asistence - Burmester,37990.0,2021,66000 km,diesel motor,avtomatski menjalnik,"1993 ccm, 162 kW / 220 KM",,
22763977,Mercedes-Benz SLK-Razred SLK 200 Kompressor,7500.0,2004,205000 km,bencinski motor,avtomatski menjalnik,"1795 ccm, 120 kW / 163 KM",,
22763956,Mercedes-Benz GLC coupe 220d 4M - AMG Line - Keyless - LED  - Kamera -Usnj,22990.0,2018,215000 km,diesel motor,avtomatski menjalnik,"2143 ccm, 125 kW / 170 KM",,
22763887,Mercedes-Benz A-Razred KAMERA VIRTUALNI ŠTEV...,14900.0,2019,129500 km,bencinski motor,ročni menjalnik,"1332 ccm, 80 kW / 109 KM",,
22763754,Mercedes-Benz GLK-Razred GLK 220 CDI 4MATIC BlueEFICIENCY Avt.,10400.0,2011,275000 km,diesel motor,avtomatski menjalnik,"2143 ccm, 125 kW / 170 KM",,
22763730,Mercedes-Benz E-Razred E BlueEFFICIENCY 200 CDI Elegance,9990.0,2010,340000 km,diesel motor,ročni menjalnik,"2143 ccm, 100 kW / 136 KM",,
22763622,Mercedes-Benz SLK-Razred SLK 200 Roadster,4250.0,1996,176176 km,bencinski motor,ročni menjalnik,"1998 ccm, 100 kW / 136 KM",,
22763574,Mercedes-Benz V-Razred V 250 d Avt. AMG,41000.0,2019,135000 km,diesel motor,avtomatski menjalnik,"1950 ccm, 140 kW / 190 KM",,
22763557,Mercedes-Benz EQC 400 4MATIC AMG Line SUBVENCIJA 3000.- EUR,40900.0,2021,120000 km,elektro pogon,,300 kW,80 kWh,
22763532,Mercedes-Benz G-Razred 270 CDI,36700.0,2002,360000 km,diesel motor,avtomatski menjalnik,"2699 ccm, 115 kW / 156 KM",,
19069742,Mercedes-Benz G-Razred G 500 SPECIAL EDITION - STRONGER THAN DIAMONDS ,219219.0,2024,541 km,bencinski motor,avtomatski menjalnik,"3982 ccm, 310 kW / 421 KM",,
22647441,Mercedes-Benz S-Razred 350d 4MATIC Long AMG Line DIGITAL-L-HEAD-HLAJ-SED-,201499.0,,,diesel motor,avtomatski menjalnik,"2989 ccm, 230 kW / 313 KM",,NOVO
22111584,Mercedes-Benz S-Razred 350d 4MATIC Long AMG Line DIGITAL-L-HEAD-HLAJ-SED-,199000.0,,,diesel motor,avtomatski menjalnik,"2989 ccm, 230 kW / 313 KM",,NOVO
22582300,Mercedes-Benz S-Razred S 580 4MATIC L Avt.,199000.0,2026,100 km,bencinski motor,avtomatski menjalnik,"3982 ccm, 395 kW / 537 KM",,
21847273,Mercedes-Benz G-Razred AMG G 63 Brabus 700,193989.0,2020,58632 km,bencinski motor,avtomatski menjalnik,"3982 ccm, 515 kW / 700 KM",,
22768667,Mercedes-Benz G-Razred G 63 AMG BRABUS 700,190888.0,2016,70000 km,bencinski motor,avtomatski menjalnik,"5461 ccm, 515 kW / 700 KM",,
22063972,Mercedes-Benz S-Razred S63-AMG-L-805KM-E-PERFORMANCE-4X-HLAJ-SED-SOFT-21C,189995.0,2024,11685 km,bencinski motor,avtomatski menjalnik,"3982 ccm, 592 kW / 805 KM",,
22609206,Mercedes-Benz GLS-Razred Maybach GLS 600 4MATIC Avt.,189000.0,2025,10800 km,bencinski motor,avtomatski menjalnik,"3982 ccm, 410 kW / 557 KM",,
22136129,Mercedes-Benz S-Razred Mercedes-AMG S 63E Performance 4MATIC+ Avt.,189900.0,2024,15490 km,hibridni pogon,avtomatski menjalnik,"3982 ccm, 590 kW / 802 KM",,
22782068,Mercedes-Benz G-Razred G 450 d AMG Line + Notranjost SUPERIOR +TOP OPREMA,,2025,29300 km,diesel motor,avtomatski menjalnik,"2989 ccm, 270 kW / 367 KM",,
18712929,Mercedes-Benz AMG GT Roadster C Roadster Avt.,170800.0,2019,44600 km,bencinski motor,avtomatski menjalnik,"3982 ccm, 410 kW / 557 KM",,
22468225,Mercedes-Benz G-Razred G 450 d Avt.,165990.0,2026,430 km,diesel motor,avtomatski menjalnik,"2989 ccm, 270 kW / 367 KM",,
22404413,Mercedes-Benz G-Razred G 450 d Avt.,164900.0,2025,10255 km,diesel motor,avtomatski menjalnik,"2989 ccm, 270 kW / 367 KM",,
22644685,Mercedes-Benz S-Razred 450 d 4MATIC AMG Line,177350.0,,,diesel motor,avtomatski menjalnik,"2989 ccm, 270 kW / 367 KM",,NOVO
22611900,Mercedes-Benz G-Razred G 450D - AMG- PANO - BURM. - 360 KAM. - GRET. SED,154990.0,2025,50000 km,diesel motor,avtomatski menjalnik,"2989 ccm, 270 kW / 367 KM",,
20083345,Mercedes-Benz G-Razred BRABUS-AMG63-22C-PANORAMA-KAMERA-NAVI,149990.0,2018,150000 km,bencinski motor,avtomatski menjalnik,"5461 ccm, 456 kW / 620 KM",,
22695527,Mercedes-Benz G-Razred G 500 Avt. V8 BRABUS  360 KAM LED PANO 23 COL,149500.0,2023,92000 km,bencinski motor,avtomatski menjalnik,"3982 ccm, 310 kW / 421 KM",,
17403439,Mercedes-Benz G-Razred G 400 d STRONGER THAN TIME HERR HORST,149499.0,2019,99720 km,diesel motor,avtomatski menjalnik,"2925 ccm, 243 kW / 330 KM",,
22433272,Mercedes-Benz SL-Razred AMG SL 63 4MATIC+ Avt.,148000.0,2022,13200 km,bencinski motor,avtomatski menjalnik,"3982 ccm, 430 kW / 585 KM",,
21692944,Mercedes-Benz GLE coupe Mercedes-AMG GLE 53 4MATIC+ Coupé,165938.0,,,bencinski motor,avtomatski menjalnik,"2999 ccm, 320 kW / 435 KM",,NOVO
22632313,Mercedes-Benz GLE coupe 53 AMG 4MATIC+ ,151684.0,,,bencinski motor,avtomatski menjalnik,"2999 ccm, 330 kW / 449 KM",,NOVO
22632390,Mercedes-Benz GLE-Razred 53 AMG 4MATIC+ ,149605.0,,,bencinski motor,avtomatski menjalnik,"2999 ccm, 330 kW / 449 KM",,NOVO
20771104,Mercedes-Benz AMG GT Roadster Mercedes-AMG GT C,139900.0,2018,25000 km,bencinski motor,avtomatski menjalnik,"3982 ccm, 410 kW / 557 KM",,
22654433,Mercedes-Benz AMG GT Coupe AMG GT S Avt.,139000.0,2019,13200 km,bencinski motor,avtomatski menjalnik,"3982 ccm, 410 kW / 557 KM",,
22622309,Mercedes-Benz GLE-Razred 450d 4MAT AMG Line DIGITAL-L-HEAD-PANOR-SOFT-C-22C,137000.0,,,diesel motor,avtomatski menjalnik,"2989 ccm, 270 kW / 367 KM",,NOVO
22621572,Mercedes-Benz GLE-Razred 450d 4MAT AMG Line DIGITAL-L-HEAD-PANOR-SOFT-C-22C,136000.0,,,diesel motor,avtomatski menjalnik,"2989 ccm, 270 kW / 367 KM",,NOVO
22619277,Mercedes-Benz SL-Razred AMG SL 63 4MATIC+ Avt.,135000.0,2023,13200 km,bencinski motor,avtomatski menjalnik,"3982 ccm, 430 kW / 585 KM",,
22347595,Mercedes-Benz GLE-Razred AMG GLE 63 S 4MATIC+ VSA MOŽNA OPREMA,134990.0,2024,44000 km,bencinski motor,avtomatski menjalnik,"3982 ccm, 450 kW / 612 KM",,
22781483,Mercedes-Benz GLS-Razred GLS 450 d 4MATIC +TOP OPREMA,,2026,6000 km,diesel motor,avtomatski menjalnik,"2989 ccm, 270 kW / 367 KM",,
22642114,Mercedes-Benz GLE coupe 450 d 4MATIC AMG Line,139690.0,,,diesel motor,avtomatski menjalnik,"2989 ccm, 270 kW / 367 KM",,NOVO
22603523,Mercedes-Benz AMG GT Coupe 43 ,166315.0,2026,3500 km,bencinski motor,avtomatski menjalnik,"1991 ccm, 310 kW / 421 KM",,
22455172,Mercedes-Benz SL-Razred AMG 63 4MATIC+ |Carbon|Hlaj|HUD|Burmester|ACC|LIFT,129990.0,2023,17000 km,bencinski motor,avtomatski menjalnik,"3982 ccm, 430 kW / 585 KM",,
22696022,Mercedes-Benz GLE coupe GLE 450 d 4MATIC Coup  233  AMG-1.LASTNICA...,99900.0,2024,40000 km,diesel motor,avtomatski menjalnik,"2989 ccm, 270 kW / 367 KM",,
22724607,Mercedes-Benz S-Razred S450L 4MATIC-SLO-AMG-PANO-22COL-TV-BURMESTER,99900.0,2022,75000 km,bencinski motor,avtomatski menjalnik,"2999 ccm, 280 kW / 381 KM",,
22153896,Mercedes-Benz GLE coupe GLE 300 d 4MATIC Coupé,118455.0,,,diesel motor,avtomatski menjalnik,"1993 ccm, 198 kW / 269 KM",,NOVO
22533946,Mercedes-Benz GLS-Razred 450d 4MATIC PREMIUM PLUS-VL.KLJ-360KAM-PANO-MEMORY,101000.0,2025,23684 km,diesel motor,avtomatski menjalnik,"2989 ccm, 270 kW / 367 KM",,
22452932,Mercedes-Benz G-Razred G 400d AMG-BURM-STRONGER-LED-360-,99000.0,2020,149000 km,diesel motor,avtomatski menjalnik,"2925 ccm, 243 kW / 330 KM",,
20641119,Mercedes-Benz SL-Razred SL 63 AMG PERFORMANCE PAKET ACC TV AIRSCARF,98980.0,2009,52750 km,bencinski motor,avtomatski menjalnik,"6208 ccm, 386 kW / 525 KM",,
21057486,Mercedes-Benz V-Razred V 300 d AVANTGARDE dolgi,98950.0,,,diesel motor,avtomatski menjalnik,"1950 ccm, 174 kW / 237 KM",,NOVO
22042063,Mercedes-Benz V-Razred 300d-4M-AMG-LINE-ZRAČNO-KAM360-ACC-KLJUKA-2X-EL-VR,97995.0,,,diesel motor,avtomatski menjalnik,"1950 ccm, 174 kW / 237 KM",,NOVO
21425826,Mercedes-Benz - 280 SE Coupe 3.5 V8,97990.0,1971,76675 km,bencinski motor,avtomatski menjalnik,"3459 ccm, 147 kW / 200 KM",,
22768452,Mercedes-Benz GLE coupe AMG 53 |Panorama+Distronic+Burmester+HUD+Hlajenje,97990.0,2024,21600 km,bencinski motor,avtomatski menjalnik,"2999 ccm, 320 kW / 435 KM",,
22533842,Mercedes-Benz GLS-Razred 350d 4MATIC PREMIUM PLUS-VL.KLJ-360KAM-PANO-MEMORY,98990.0,2025,15423 km,diesel motor,avtomatski menjalnik,"2989 ccm, 230 kW / 313 KM",,
22488626,Mercedes-Benz V-Razred 300d AVANTGARDE dolgi,111910.0,,,diesel motor,avtomatski menjalnik,"1950 ccm, 174 kW / 237 KM",,NOVO
22521658,Mercedes-Benz V-Razred V 300 d Avantgarde dolgi Avt.,110007.0,,,diesel motor,avtomatski menjalnik,"1950 ccm, 174 kW / 237 KM",,NOVO
22692929,Mercedes-Benz GLE coupe 450 d 4MATIC AMG Line,143373.0,2026,6001 km,diesel motor,avtomatski menjalnik,"2989 ccm, 270 kW / 367 KM",,
22692889,Mercedes-Benz GLE coupe 450 d 4MATIC PREMIUM+AIRMATIC,143606.0,2026,3761 km,diesel motor,avtomatski menjalnik,"2989 ccm, 270 kW / 367 KM",,
22251576,Mercedes-Benz GLE coupe 450 d 4MATIC Coupé-ZRAK-PANO-HEAD-ACC-BURM-ALU22,95990.0,2024,18580 km,diesel motor,avtomatski menjalnik,"2989 ccm, 270 kW / 367 KM",,
22520780,Mercedes-Benz S-Razred S 350 d 4MATIC L Avt.,99988.0,2025,40676 km,diesel motor,avtomatski menjalnik,"2989 ccm, 230 kW / 313 KM",,
21803985,Mercedes-Benz V-Razred V 300 d AVANTGARDE dolgi,108598.0,,,diesel motor,avtomatski menjalnik,"1950 ccm, 174 kW / 237 KM",,NOVO
22503543,Mercedes-Benz V-Razred V 300 d AVANTGARDE dolgi - AMG.360.Radar...,107991.0,,,diesel motor,avtomatski menjalnik,"1950 ccm, 174 kW / 237 KM",,NOVO
22588305,Mercedes-Benz GLE coupe 450d 4MATIC Coupe AMG Line Avt.,94990.0,2024,36663 km,diesel motor,avtomatski menjalnik,"2989 ccm, 270 kW / 367 KM",,
22788552,Mercedes-Benz GLS-Razred GLS 63 AMG 4MATIC+ Avt.,94950.0,2021,148018 km,bencinski motor,avtomatski menjalnik,"3982 ccm, 450 kW / 612 KM",,
22754766,Mercedes-Benz CLE-Razred AMG Cabrio 53 4MATIC+ Premium Plus,123308.0,2026,3500 km,bencinski motor,avtomatski menjalnik,"2999 ccm, 330 kW / 449 KM",,
18232726,Mercedes-Benz AMG GT Coupe Mercedes-AMG GT S - CARBONCERAMIC,93500.0,2019,99500 km,bencinski motor,avtomatski menjalnik,"3982 ccm, 384 kW / 522 KM",,
22603408,Mercedes-Benz CLE-Razred AMG 53 4MATIC PREMIUM PLUS,117980.0,2026,3500 km,bencinski motor,avtomatski menjalnik,"2999 ccm, 330 kW / 449 KM",,
22706561,Mercedes-Benz GLE-Razred GLE 450 d 4MATIC AMG Line Avt.,91990.0,2024,52850 km,diesel motor,avtomatski menjalnik,"2989 ccm, 270 kW / 367 KM",,
21372086,Mercedes-Benz V-Razred V 300 d AVANTGARDE dolgi,91500.0,2025,2500 km,diesel motor,avtomatski menjalnik,"1950 ccm, 174 kW / 237 KM",,
22415071,Mercedes-Benz S-Razred S 400 d 4MATIC AMG Line Avt.,90490.0,2022,65000 km,diesel motor,avtomatski menjalnik,"2925 ccm, 243 kW / 330 KM",,
22416797,Mercedes-Benz AMG GT Coupe 53 4MATIC ,89990.0,2023,81300 km,bencinski motor,avtomatski menjalnik,"2999 ccm, 320 kW / 435 KM",,
22682351,Mercedes-Benz CLE-Razred AMG Coupe 53 4MATIC+ Premium Plus,89990.0,2026,3000 km,bencinski motor,avtomatski menjalnik,"2999 ccm, 330 kW / 449 KM",,
22703082,Mercedes-Benz EQS SUV 580 4MATIC AMG Line 108.4 kWh,89990.0,2023,124000 km,elektro pogon,,400 kW,"108,4 kWh",
22325670,Mercedes-Benz GLE-Razred GLE 450 d 4MATIC AMG Line Avt.,89990.0,2024,100000 km,diesel motor,avtomatski menjalnik,"2989 ccm, 270 kW / 367 KM",,
22458764,Mercedes-Benz V-Razred V 300 d 4MATIC Avantgarde dolgi Avt. AMG ACC 360,89990.0,2026,14500 km,diesel motor,avtomatski menjalnik,"1950 ccm, 174 kW / 237 KM",,
21627009,Mercedes-Benz V-Razred V 300 d AVANTGARDE dolgi ,109160.0,,,diesel motor,avtomatski menjalnik,"1950 ccm, 174 kW / 237 KM",,NOVO
22632837,Mercedes-Benz GLS-Razred GLS 450 d 4MATIC AMG -MASAŽA-HLAJENJE SED-ZRAČNO-.,89900.0,2024,128900 km,diesel motor,avtomatski menjalnik,"2989 ccm, 270 kW / 367 KM",,
22150095,Mercedes-Benz V-Razred V300d 4MATIC AMG Line Avt. - N1 tovorni 5 sed.,96990.0,2026,18488 km,diesel motor,avtomatski menjalnik,"1950 ccm, 174 kW / 237 KM",,
22716026,Mercedes-Benz GLE-Razred GLE 580-V8 4MATIC-AIR-PANO-HUD-USNJE-CARBON-VK-ACC,89300.0,2023,21900 km,bencinski motor,avtomatski menjalnik,"3982 ccm, 360 kW / 489 KM",,
22678791,Mercedes-Benz V-Razred V 300 d 4MATIC dolgi Avt.,89988.0,2026,31357 km,diesel motor,avtomatski menjalnik,"1950 ccm, 174 kW / 237 KM",,
22786871,Mercedes-Benz G-Razred G 350 d AUT +DISTRONIC WEBASTO KAMERA +TOP OPREMA,,2017,15500 km,diesel motor,avtomatski menjalnik,"2987 ccm, 180 kW / 245 KM",,
22570688,Mercedes-Benz GLC-Razred GLC 400 4MATIC PREMIUM,95250.0,,,elektro pogon,,360 kW,94 kWh,NOVO
22477348,Mercedes-Benz GLC-Razred GLC 220d 4MATIC AMG Line Avt.,89247.0,,,diesel motor,avtomatski menjalnik,"1993 ccm, 145 kW / 197 KM",,NOVO
22526711,Mercedes-Benz E-Razred E 450 d 4MATIC Avantgarde Avt.,81988.0,2025,29645 km,diesel motor,avtomatski menjalnik,"2989 ccm, 270 kW / 367 KM",,
22752250,Mercedes-Benz G-Razred G63 V8 AMG-DESIGNO-MAT SIVA-KAMERA-ŠIBEDAH-TEMP-.,78888.0,2014,103788 km,bencinski motor,avtomatski menjalnik,"5461 ccm, 400 kW / 544 KM",,
22778986,Mercedes-Benz V-Razred V 300 d 4MATIC Style dolgi ,89425.0,,,diesel motor,avtomatski menjalnik,"1950 ccm, 174 kW / 237 KM",,NOVO
22744452,Mercedes-Benz V-Razred V 250 d Style dolgi Avt.,84061.0,,,diesel motor,avtomatski menjalnik,"1950 ccm, 140 kW / 190 KM",,NOVO
20118197,Mercedes-Benz GLE coupe GLE 400 d 4MATIC,77777.0,2022,60100 km,diesel motor,avtomatski menjalnik,"2925 ccm, 243 kW / 330 KM",,
22184007,Mercedes-Benz GLB-Razred GLB 250+ z EQ TEHNOLOGIJO,77338.0,,,elektro pogon,,200 kW,85 kWh,NOVO
22730547,Mercedes-Benz CLE-Razred 53 AMG Cabrio 4MATIC+ Avt.-VIRTUAL-LED-NAVI-ALU,76990.0,2026,3449 km,bencinski motor,avtomatski menjalnik,"2999 ccm, 347 kW / 472 KM",,
22562029,Mercedes-Benz V-Razred V 300 d Style Avt.+19 COL+ACC+7 SEDEŽEV+LED+360°,76990.0,2025,15000 km,diesel motor,avtomatski menjalnik,"1950 ccm, 174 kW / 237 KM",,
22751134,Mercedes-Benz S-Razred S 400 d 4MATIC AMG Line Avt.,76900.0,2021,172300 km,diesel motor,avtomatski menjalnik,"2925 ccm, 243 kW / 330 KM",,
22169475,Mercedes-Benz V-Razred V 300 d 4MATIC AVANTGARDE dolgi,76250.0,2020,113000 km,diesel motor,avtomatski menjalnik,"1950 ccm, 140 kW / 190 KM",,
22325242,Mercedes-Benz GLC coupe 220d 4Matic Coupe AMG Line,87500.0,,,diesel motor,avtomatski menjalnik,"1993 ccm, 145 kW / 197 KM",,NOVO
22761930,Mercedes-Benz GLC coupe Coupe 220d 4MATIC AMG Line Avt.,85800.0,,,diesel motor,avtomatski menjalnik,"1993 ccm, 145 kW / 197 KM",,NOVO
22570167,Mercedes-Benz GLE-Razred GLE 450d 4M AMG|ZRAČNO|PANO|MULTIBEAM|HUD|HLAJENJE,75990.0,2024,59990 km,diesel motor,avtomatski menjalnik,"2989 ccm, 270 kW / 367 KM",,
20893286,Mercedes-Benz GLE coupe Mercedes-AMG GLE 53 4MATIC+,75980.0,2021,104980 km,bencinski motor,avtomatski menjalnik,"2999 ccm, 320 kW / 435 KM",,
22409862,Mercedes-Benz GLC-Razred GLC 220d 4MATIC AMG Line Avt. AKCIJSKA CENA,84850.0,,,diesel motor,avtomatski menjalnik,"1993 ccm, 145 kW / 197 KM",,NOVO
22715641,Mercedes-Benz V-Razred V 300 d 4MATIC Style dolgi Avt.,84663.0,,,diesel motor,avtomatski menjalnik,"1950 ccm, 174 kW / 237 KM",,NOVO
22575430,Mercedes-Benz GLC coupe 220d AMG Line,86485.0,,,diesel motor,avtomatski menjalnik,"1993 ccm, 145 kW / 197 KM",,NOVO
21662783,Mercedes-Benz EQS 450 4Matic - Electric Art - Airmatic-odbitni DDV,74990.0,2023,49000 km,elektro pogon,,265 kW,"108,4 kWh",
22153872,Mercedes-Benz GLE-Razred GLE 400d 4MATIC AMG ACC FUL LED ZRAČNO HUD 360°KAM,77000.0,2023,86000 km,diesel motor,avtomatski menjalnik,"2989 ccm, 243 kW / 330 KM",,
22789481,Mercedes-Benz AMG GT 4-vratni Coupe AMG GT 53 4matic+ZRAČNO|V8look|MAX OPREMA,74950.0,2020,77000 km,bencinski motor,avtomatski menjalnik,"2999 ccm, 320 kW / 435 KM",,
22546568,Mercedes-Benz GLE coupe 450d-4M-AMG-LINE-ZRACNO-PANO-HLAJ-SED-360KAM-ACC..,74950.0,2024,89776 km,diesel motor,avtomatski menjalnik,"2989 ccm, 270 kW / 367 KM",,
21391283,Mercedes-Benz GLE coupe GLE 400d 4MATIC AMG Line DISTRONIC PLUS 360 kamera,74910.0,2020,66079 km,diesel motor,avtomatski menjalnik,"2925 ccm, 243 kW / 330 KM",,
20747983,Mercedes-Benz GLE coupe GLE 53 AMG 4M+ ADS+ Airmatic Distronic+ Head-up,74900.0,2021,49216 km,bencinski motor,avtomatski menjalnik,"2999 ccm, 320 kW / 435 KM",,
22369528,Mercedes-Benz G-Razred G 350 BlueTEC • ODLIČNO OHRANJEN •BOGATA OPREMA•  ,74900.0,2013,202000 km,diesel motor,avtomatski menjalnik,"2987 ccm, 155 kW / 211 KM",,
22737544,Mercedes-Benz S-Razred S 350 d 4MATIC AMG Line Avt.,74900.0,2021,182000 km,diesel motor,avtomatski menjalnik,"2925 ccm, 210 kW / 286 KM",,
22688857,Mercedes-Benz GLC-Razred GLC 220d 4MATIC AMG Line Avt.,,,,diesel motor,avtomatski menjalnik,"1993 ccm, 145 kW / 197 KM",,NOVO
22601494,Mercedes-Benz V-Razred V 300 d Avantgarde dolgi Avt.BLAZINE.VELIKO OPREME,74298.0,2023,73554 km,diesel motor,avtomatski menjalnik,"1950 ccm, 176 kW / 239 KM",,
22788858,Mercedes-Benz V-Razred V 250 d Style dolgi Avt. -ZALOGA-Možnost N1,83328.0,,,diesel motor,avtomatski menjalnik,"1950 ccm, 140 kW / 190 KM",,NOVO
22631264,Mercedes-Benz GLC-Razred GLC 450d 4MATIC AMG Line Avt.,,2025,13401 km,diesel motor,avtomatski menjalnik,"2989 ccm, 270 kW / 367 KM",,
22149964,Mercedes-Benz CLE-Razred CLE 220 d Coupé,84050.0,,,diesel motor,avtomatski menjalnik,"1993 ccm, 145 kW / 197 KM",,NOVO
22787104,Mercedes-Benz CLA-Razred CLA 350 4MATIC EQ Tech AMG Line +PREMIUM|MB.DRIVE,73925.0,2026,6600 km,elektro pogon,,260 kW,85 kWh,
22514147,Mercedes-Benz GLE-Razred GLE 300 d 4MATIC AMG Line Avt.|ACC|ZRAČNO|BURMESTE,73900.0,2023,32657 km,diesel motor,avtomatski menjalnik,"1993 ccm, 198 kW / 269 KM",,
21970012,Mercedes-Benz GLS-Razred GLS 400 d 4MATIC AMG NIGHT ACC LED 6 SEDEŽEV PANO ,73880.0,2020,265000 km,diesel motor,avtomatski menjalnik,"2925 ccm, 243 kW / 330 KM",,
22403653,Mercedes-Benz V-Razred V 300 d 4MATIC Avantgarde ekstradolgi Avt.,73200.0,2023,61616 km,diesel motor,avtomatski menjalnik,"1950 ccm, 174 kW / 237 KM",,
21780924,Mercedes-Benz V-Razred V 300 d AVANTGARDE dolgi,73200.0,2025,30000 km,diesel motor,avtomatski menjalnik,"1950 ccm, 174 kW / 237 KM",,
21928177,Mercedes-Benz GLE-Razred GLE 300 d 4MATIC,72500.0,2023,40500 km,diesel motor,avtomatski menjalnik,"1993 ccm, 200 kW / 272 KM",,
21987223,Mercedes-Benz GLC coupe 300 4MATIC AMG PREMIUM MHEV-AKT.T-HEAD UP-VIDEO,72200.0,2024,6689 km,bencinski motor,avtomatski menjalnik,"1999 ccm, 190 kW / 258 KM",,
18233161,Mercedes-Benz GLE-Razred GLE 350 d 4MATIC PANORAMA,72190.0,2020,46184 km,diesel motor,avtomatski menjalnik,"2925 ccm, 200 kW / 272 KM",,
21312463,Mercedes-Benz S-Razred S 400 d 4MATIC dolgo medosje MAX OPREMA,72000.0,2021,240000 km,diesel motor,avtomatski menjalnik,"2925 ccm, 243 kW / 330 KM",,
18954058,Mercedes-Benz S-Razred S400-D-4MATIC-LONG-1.LASTNIK-PANO.-ZRAČNO-MASAŽA,72000.0,2021,163000 km,diesel motor,avtomatski menjalnik,"2925 ccm, 243 kW / 330 KM",,
21810181,Mercedes-Benz V-Razred V 300 d 4 MATIC AMG ekstradolgi,72000.0,2024,60000 km,diesel motor,avtomatski menjalnik,"1950 ccm, 174 kW / 237 KM",,
22652435,Mercedes-Benz GLC coupe GLC Coupe 220d 4MATIC AMG Line Avt.,62700.0,2025,9889 km,diesel motor,avtomatski menjalnik,"1993 ccm, 145 kW / 197 KM",,
22683934,Mercedes-Benz CLE-Razred Coupe 450 4MATIC AMG Line Premium,100171.0,2024,31653 km,bencinski motor,avtomatski menjalnik,"2999 ccm, 280 kW / 381 KM",,
22297812,Mercedes-Benz CLE-Razred 200 Coupé AMG Night paket Junge Sterne,61990.0,2024,16000 km,bencinski motor,avtomatski menjalnik,"1999 ccm, 150 kW / 204 KM",,
22789380,Mercedes-Benz GLE-Razred GLE 400D 4X4 AVT. AMG LINE-NIGHT-LED-ASIST-360-P..,61990.0,2021,85191 km,diesel motor,avtomatski menjalnik,"2925 ccm, 243 kW / 330 KM",,
22218053,Mercedes-Benz GLE-Razred GLE-350-de-4MATIC-AMG-ZRAČNO-360-ACC-JAMSTVO,61990.0,2023,85540 km,hibridni pogon,avtomatski menjalnik,"1993 ccm, 245 kW / 333 KM",,
22775450,Mercedes-Benz GLS-Razred 400d|4M|AMG|Pano|Zračno|ACC|Hlaj|Burm|360K|Kljuka.,64990.0,2020,135000 km,diesel motor,avtomatski menjalnik,"2925 ccm, 243 kW / 330 KM",,
22626046,Mercedes-Benz E-Razred E 220 d 4MATIC AMG Line Avt.-KOT NOV.garan. 4 28,61980.0,2025,9956 km,diesel motor,avtomatski menjalnik,"1993 ccm, 145 kW / 197 KM",,
22298944,Mercedes-Benz EQS EQS 450+AMG garancija HUD panorama,61900.0,2022,123000 km,elektro pogon,,245 kW,108 kWh,
22699894,Mercedes-Benz S-Razred S 350 d Avt.,61900.0,2021,108500 km,diesel motor,avtomatski menjalnik,"2925 ccm, 210 kW / 286 KM",,
22064871,Mercedes-Benz GLC coupe 200 4MATIC FULL AMG LINE-VLČ.KL-PANORAMA-VIDEO,,2025,9603 km,bencinski motor,avtomatski menjalnik,"1999 ccm, 150 kW / 204 KM",,
22670472,Mercedes-Benz CLA-Razred CLA 250+ EQ Tech AMG Line,72139.0,2026,,elektro pogon,,200 kW,85 kWh,
22006639,Mercedes-Benz V-Razred V 300 d 4MATIC AVANTGARDE dolgi,61100.0,2022,132300 km,diesel motor,avtomatski menjalnik,"1950 ccm, 174 kW / 237 KM",,
21523537,Mercedes-Benz E-Razred E 220 d 4MATIC SLO|Avantgarde|Premium|Burmester,61000.0,2025,34000 km,diesel motor,avtomatski menjalnik,"1993 ccm, 145 kW / 197 KM",,
22753929,Mercedes-Benz V-Razred V 250 d Avantgarde ekstradolgi Avt.,61000.0,2025,53000 km,diesel motor,avtomatski menjalnik,"1950 ccm, 140 kW / 190 KM",,
22552282,Mercedes-Benz E-Razred E 300 de 4MATIC Avt.,60990.0,2024,47000 km,hibridni pogon,avtomatski menjalnik,"1993 ccm, 145 kW / 197 KM",,
21755842,Mercedes-Benz GLC-Razred GLC 220 d 4MATIC,74426.0,,,diesel motor,avtomatski menjalnik,"1993 ccm, 145 kW / 197 KM",,NOVO
18847692,Mercedes-Benz V-Razred V 300 d 4MATIC AVANTGARDE AMG Webasto Garancija,60990.0,2019,85000 km,diesel motor,avtomatski menjalnik,"1950 ccm, 174 kW / 237 KM",,
22049714,Mercedes-Benz CLS-Razred Mercedes-AMG CLS 53 4MATIC+,60880.0,2020,109500 km,bencinski motor,avtomatski menjalnik,"2999 ccm, 320 kW / 435 KM",,
22192824,Mercedes-Benz GLB-Razred GLB 200 z EQ TEHNOLOGIJO,60239.0,,,elektro pogon,,165 kW,85 kWh,NOVO
22723475,Mercedes-Benz GLC-Razred GLC 200d 4MATIC Avantgarde Avt.,67586.0,,,diesel motor,avtomatski menjalnik,"1993 ccm, 120 kW / 163 KM",,NOVO
22444337,Mercedes-Benz GLB-Razred GLB 200 4MATIC AMG Line MODEL 2026,67757.0,2026,1500 km,bencinski motor,avtomatski menjalnik,"1499 ccm, 120 kW / 163 KM",,
22718347,Mercedes-Benz GLB-Razred GLB 250+ EQ Progressive,65159.0,,,elektro pogon,,200 kW,85 kWh,NOVO
22187184,Mercedes-Benz GLC coupe 200 4MATIC AVANT PRO PLUS-KAM-LED-AKT.T-DAB-VIDEO,61700.0,2025,15887 km,bencinski motor,avtomatski menjalnik,"1999 ccm, 150 kW / 204 KM",,
22768328,Mercedes-Benz GLC coupe 220d 4MATIC AMG MULTIBEAM NAVI PDC 360KAM RADAR ..,59990.0,2024,24765 km,diesel motor,avtomatski menjalnik,"1993 ccm, 162 kW / 220 KM",,
21813284,Mercedes-Benz GLC-Razred 220 d 4MATIC   TESTNO VOZILO,74510.0,2026,4700 km,diesel motor,avtomatski menjalnik,"1993 ccm, 145 kW / 197 KM",,
22692183,Mercedes-Benz GLE-Razred 300d 22 COL AMG 4MATIC KAMERA RADAR NAVI PDC USN..,61990.0,2024,59000 km,diesel motor,avtomatski menjalnik,"1993 ccm, 213 kW / 290 KM",,
22769800,Mercedes-Benz GLE-Razred 580 4MATIC|Pano|ACC|Zračno|Hlaj|360K|Kljuka|Masaža,59990.0,2020,130000 km,hibridni pogon,avtomatski menjalnik,"3982 ccm, 360 kW / 489 KM",,
22235183,Mercedes-Benz S-Razred S 63 AMG LOOK-PANO-ZRACNO-SOFT-BURMESTER-20 AMG AL,59990.0,2019,124000 km,bencinski motor,avtomatski menjalnik,"3982 ccm, 345 kW / 469 KM",,
22724906,Mercedes-Benz GLC-Razred GLC 200 d 4MATIC,59988.0,2026,6 km,diesel motor,avtomatski menjalnik,"1993 ccm, 120 kW / 163 KM",,
22789325,Mercedes-Benz V-Razred V 300D||MARCO|POLO||434||AMG||EL.VRATA|MULTIBEAM||,59950.0,2021,87750 km,diesel motor,avtomatski menjalnik,"1950 ccm, 174 kW / 237 KM",,
21626636,Mercedes-Benz GLE-Razred 450 4MATIC AMG Line 360 kamera Webasto kljuka,59890.0,2022,128196 km,bencinski motor,avtomatski menjalnik,"2999 ccm, 270 kW / 367 KM",,
22700257,Mercedes-Benz E-Razred AMG E 53 4MATIC+AIRMATIC-DRIVER PAKET-NIGHT PAKET,59800.0,2022,59900 km,bencinski motor,avtomatski menjalnik,"2999 ccm, 320 kW / 435 KM",,
22142680,Mercedes-Benz GLC-Razred GLC 200 4MATIC,76523.0,,,bencinski motor,avtomatski menjalnik,"1999 ccm, 150 kW / 204 KM",,NOVO
22787743,Mercedes-Benz AMG GT 4-vratni Coupe 53 4MATIC+ 435KM | PANORAMA|HUD|DISTRONIC. ITD,59595.0,2020,165273 km,bencinski motor,avtomatski menjalnik,"2999 ccm, 320 kW / 435 KM",,
22786724,Mercedes-Benz S-Razred AMG S 63 4MATIC dolgi |NC325K|MAX OPREMA|SLO|1.LAS,,2016,217777 km,bencinski motor,avtomatski menjalnik,"5461 ccm, 430 kW / 585 KM",,
22596102,Mercedes-Benz CLA Shooting Brake 250+ EQ Tech AMG Line,64743.0,2026,1500 km,elektro pogon,,200 kW,85 kWh,
22658026,Mercedes-Benz CLA Shooting Brake 250+ EQ PREMIUM PAKET,64398.0,,,elektro pogon,,200 kW,85 kWh,NOVO
22775432,Mercedes-Benz GLC coupe 200 |4M|AMG Line|ACC|DigitalL|360K|Memory|KeyGo|..,59990.0,2024,19500 km,bencinski motor,avtomatski menjalnik,"1999 ccm, 150 kW / 204 KM",,
22213885,Mercedes-Benz GLC-Razred GLC 220d 4MATIC AMG Line Avt.,61990.0,2024,13 km,diesel motor,avtomatski menjalnik,"1993 ccm, 145 kW / 197 KM",,
22741350,Mercedes-Benz GLC-Razred GLC 300d 4MATIC AMG Line Avt.,,2025,11337 km,diesel motor,avtomatski menjalnik,"1993 ccm, 198 kW / 269 KM",,
22741078,Mercedes-Benz GLC-Razred GLC 300d 4MATIC AMG Line Avt.,,2025,19996 km,diesel motor,avtomatski menjalnik,"1993 ccm, 198 kW / 269 KM",,
22586534,Mercedes-Benz GLE coupe 350d 4Matic - AMG,59990.0,2021,157787 km,diesel motor,avtomatski menjalnik,"2925 ccm, 200 kW / 272 KM",,
22600470,Mercedes-Benz GLE coupe 400d|4-MATIC|AMG|PANO|360KAM|BURMESTER|SOFTCLOSE,58990.0,2021,149778 km,diesel motor,avtomatski menjalnik,"2925 ccm, 243 kW / 330 KM",,
